employee_id,department,login_hour,data_downloaded_mb,restricted_access_attempts,is_insider_threat
UBI-7097,HR,7,1.0,0,0
UBI-8987,Treasury,9,2.399933582282118,0,0
UBI-3064,Audit,7,9.470679499016784,0,0
UBI-1814,IT,10,19.627255857873998,0,0
UBI-6370,IT,8,35.04771448102881,0,0
UBI-5876,Audit,12,21.15182256847197,0,0
UBI-7514,Audit,9,4.994775619413431,0,0
UBI-5815,Retail,9,1.0,0,0
UBI-8892,Audit,10,50.0,1,0
UBI-8561,HR,7,1.127148666833118,0,0
UBI-7873,Audit,9,3.5342789901332607,0,0
UBI-9228,Retail,12,39.26029240722196,0,0
UBI-8715,Audit,8,8.74846766804191,0,0
UBI-3779,HR,8,21.868735958676975,0,0
UBI-1559,HR,7,16.50914747147962,0,0
UBI-2060,Treasury,7,4.322037978630063,0,0
UBI-9152,Audit,7,15.000076232523774,0,0
UBI-5636,Treasury,12,3.848126736736389,0,0
UBI-4230,HR,9,1.0,1,0
UBI-9264,Treasury,10,1.0,0,0
UBI-3832,IT,8,17.976719977130518,0,0
UBI-5806,HR,9,26.130588299748684,0,0
UBI-9212,HR,23,997.9917851361771,2,1
UBI-1341,IT,10,7.823402672356177,0,0
UBI-5887,HR,2,612.9474409403963,5,1
UBI-9154,Audit,8,12.820252925481684,0,0
UBI-8686,HR,11,1.5585108544250297,0,0
UBI-7320,HR,7,8.634364085209299,0,0
UBI-1117,Treasury,11,3.151911506228057,0,0
UBI-5658,Audit,7,18.861696422883373,0,0
UBI-5780,Retail,8,1.4381885615218517,2,0
UBI-7456,Retail,10,3.15957045159706,0,0
UBI-3745,Retail,9,50.0,0,0
UBI-9554,Retail,8,1.2510220135273873,0,0
UBI-8141,Audit,13,1.0,0,0
UBI-6104,Retail,8,1.685204710562612,0,0
UBI-4249,Retail,8,12.368818065114805,0,0
UBI-4972,HR,11,1.0835724595128946,0,0
UBI-8184,Audit,7,7.230765686223136,0,0
UBI-4446,Retail,7,13.65583919133964,0,0
UBI-7374,HR,9,3.039522811520547,0,0
UBI-6807,Retail,2,938.4629147281399,4,1
UBI-5735,Treasury,14,8.702108439626674,0,0
UBI-1924,Retail,7,39.190872707145886,0,0
UBI-6895,Treasury,12,4.410887168907954,0,0
UBI-4490,IT,7,2.332330036634427,0,0
UBI-7313,Treasury,8,1.835155206497571,0,0
UBI-7371,Treasury,8,38.49214984138263,0,0
UBI-5887,Treasury,9,33.81786494471165,0,0
UBI-7570,IT,9,6.3050387753769765,1,0
UBI-1529,Treasury,9,4.9385613258178065,0,0
UBI-4987,Treasury,10,50.0,1,0
UBI-3720,IT,9,1.0,0,0
UBI-6534,Treasury,7,29.377735674662254,0,0
UBI-8783,HR,8,29.3179960022876,0,0
UBI-8000,Audit,9,15.95319726665371,1,0
UBI-2828,HR,9,3.3590096445145026,0,0
UBI-1963,IT,8,14.002566756589609,1,0
UBI-2521,Treasury,9,6.817339252660175,0,0
UBI-6177,IT,9,50.0,0,0
UBI-3056,HR,9,1.0,0,0
UBI-8941,Audit,8,6.971707036697847,0,0
UBI-5612,IT,9,1.0,0,0
UBI-7136,HR,9,6.215408496544134,0,0
UBI-6190,Retail,4,901.7339533291735,4,1
UBI-2826,IT,8,26.84698026046371,0,0
UBI-9477,Retail,10,34.47898493518,0,0
UBI-9946,Retail,10,11.234570151369722,0,0
UBI-6977,Treasury,9,1.9963734237078203,0,0
UBI-9601,Retail,12,11.263152390003551,0,0
UBI-9032,Retail,10,3.7548481291490576,0,0
UBI-5249,Treasury,10,14.03892586838785,0,0
UBI-6390,HR,10,1.0,0,0
UBI-3679,Treasury,10,12.706123452698822,0,0
UBI-5632,Audit,10,18.99313569047876,0,0
UBI-7655,Audit,9,18.180345099752092,0,0
UBI-6238,Treasury,8,17.83186307797923,0,0
UBI-8489,Treasury,11,8.009696806144397,0,0
UBI-2931,HR,8,13.720327259979177,0,0
UBI-5895,HR,10,36.425897576363,0,0
UBI-1878,Audit,8,4.382971793476249,0,0
UBI-3190,HR,10,11.650518649943978,0,0
UBI-1458,Audit,7,3.1832492324751027,0,0
UBI-6543,HR,7,49.00848524433944,0,0
UBI-9906,IT,8,22.090336101327672,0,0
UBI-7917,Treasury,10,5.557278276328968,1,0
UBI-1207,IT,9,1.8525376009283034,0,0
UBI-8266,HR,10,17.248253558151003,0,0
UBI-1699,Retail,7,34.34025118480405,0,0
UBI-1488,Retail,12,8.911850314571867,0,0
UBI-5555,HR,10,15.85926339063584,0,0
UBI-6752,IT,14,12.202020785008177,0,0
UBI-9120,HR,12,1.0,1,0
UBI-3733,IT,7,6.665173022186292,0,0
UBI-4036,HR,7,3.828027734250482,0,0
UBI-8574,HR,7,10.314660695684909,0,0
UBI-5673,Treasury,8,16.37859277064954,0,0
UBI-7467,Retail,10,13.83618306853652,0,0
UBI-3356,IT,12,23.006597260645517,0,0
UBI-4029,Treasury,23,928.1901216666794,3,1
UBI-4876,Audit,10,10.387707625907094,0,0
UBI-7645,IT,7,16.758941983407812,0,0
UBI-9306,IT,10,9.652342325128789,1,0
UBI-7540,IT,7,24.307711071226024,0,0
UBI-5433,Audit,9,8.57171667001608,0,0
UBI-2120,Treasury,7,49.43554095770845,0,0
UBI-8140,Retail,13,3.6408764463639347,0,0
UBI-7893,HR,10,1.0,0,0
UBI-8266,Treasury,7,1.0,0,0
UBI-1133,Treasury,8,1.0,0,0
UBI-1876,Retail,8,19.48901063866492,1,0
UBI-4224,Retail,8,4.639130616006657,0,0
UBI-7035,Retail,7,24.781879568569337,0,0
UBI-8426,Audit,8,1.4067534323217166,0,0
UBI-8561,HR,10,1.6848657490960193,0,0
UBI-4147,Audit,12,3.59357865991667,0,0
UBI-5124,Treasury,7,1.0,0,0
UBI-5243,HR,9,9.892162325783476,0,0
UBI-8079,HR,10,50.0,0,0
UBI-6342,HR,7,29.328680325094812,0,0
UBI-6782,Audit,7,27.71269839124473,0,0
UBI-4452,Audit,8,2.433851487648025,1,0
UBI-8679,HR,9,11.96710624745231,0,0
UBI-9924,HR,9,36.92275583335712,1,0
UBI-8421,HR,8,3.4701764579734475,0,0
UBI-5599,Treasury,7,2.124061372709476,0,0
UBI-1698,IT,7,10.322884948209389,0,0
UBI-2865,IT,10,12.301652225331644,0,0
UBI-6392,Audit,8,24.7177122408343,0,0
UBI-2150,Retail,7,1.0,0,0
UBI-8154,Retail,10,22.021820548121063,0,0
UBI-3529,HR,7,4.755788274802648,0,0
UBI-2906,IT,10,4.454158156687106,0,0
UBI-5268,HR,7,2.8834682871340664,0,0
UBI-7283,Treasury,11,6.149909068009013,0,0
UBI-8069,HR,11,10.83717035479983,0,0
UBI-1506,HR,3,544.9752489017629,3,1
UBI-8080,Treasury,2,996.2377655644876,2,1
UBI-4610,Treasury,7,30.333629931912842,1,0
UBI-2646,IT,10,14.163541816308262,0,0
UBI-1362,HR,14,1.0,0,0
UBI-1784,Treasury,10,50.0,0,0
UBI-3875,Audit,8,39.398686330400366,0,0
UBI-2997,Retail,12,7.808394998223507,0,0
UBI-4432,Retail,9,2.899836360806005,0,0
UBI-5748,Retail,11,16.750620969841325,0,0
UBI-7949,Audit,7,48.90045188194131,0,0
UBI-1936,IT,8,1.0,0,0
UBI-3557,Audit,7,16.37481973638408,0,0
UBI-6116,Treasury,10,10.7161831454141,0,0
UBI-8151,Treasury,8,1.916168681675406,0,0
UBI-2625,Treasury,10,20.645931003444133,0,0
UBI-6989,Retail,7,8.157503753840585,0,0
UBI-9820,Retail,9,2.403583422868029,0,0
UBI-9096,Treasury,12,1.0,0,0
UBI-6450,Retail,10,8.922526406436779,0,0
UBI-4376,IT,7,32.51549623125159,0,0
UBI-3989,Treasury,11,15.44090674209196,0,0
UBI-8891,HR,11,4.570790502859541,0,0
UBI-1574,Retail,7,5.912972026801524,1,0
UBI-1137,Audit,8,20.473687425879515,0,0
UBI-3560,HR,8,13.767126840043828,0,0
UBI-1206,HR,7,4.054499713694896,0,0
UBI-7609,HR,9,7.663125274445491,0,0
UBI-5589,IT,23,1107.3372831244742,6,1
UBI-4041,IT,11,1.0,1,0
UBI-1009,Retail,10,22.531135722731737,0,0
UBI-9056,HR,7,25.275780097856106,0,0
UBI-7616,IT,11,15.114981355558896,0,0
UBI-2241,HR,10,1.0,0,0
UBI-2762,Retail,9,21.674852042292297,0,0
UBI-6569,IT,11,1.0,0,0
UBI-2217,HR,23,673.3511680791623,7,1
UBI-2442,HR,8,5.795681448675725,0,0
UBI-6052,Retail,12,34.975269630894324,1,0
UBI-3719,Retail,9,5.145135789093691,0,0
UBI-3590,IT,7,13.122470746806181,0,0
UBI-2887,IT,7,17.630866185885836,1,0
UBI-6408,IT,7,8.796752446081648,0,0
UBI-4553,Audit,7,2.3928970613125564,0,0
UBI-2380,HR,7,11.30590310623792,0,0
UBI-6342,Audit,9,11.094447938357954,0,0
UBI-8121,HR,9,1.0,1,0
UBI-8980,Treasury,10,13.655121620717585,0,0
UBI-5234,Retail,8,23.0153507793701,0,0
UBI-7937,IT,8,4.664438284081641,0,0
UBI-1336,IT,2,593.5204700733642,5,1
UBI-9189,IT,7,16.139617664602145,0,0
UBI-2466,Retail,11,1.5764675474626426,0,0
UBI-9190,IT,8,27.251627058432305,0,0
UBI-9415,IT,7,24.861277690242254,0,0
UBI-9208,IT,7,13.526071731309486,0,0
UBI-7446,Retail,8,7.345340501944089,0,0
UBI-5199,Retail,13,3.204329694522266,1,0
UBI-2585,Retail,8,10.314313032428355,0,0
UBI-2365,IT,9,4.888282633217039,0,0
UBI-4850,IT,7,23.167642302627566,0,0
UBI-6142,HR,8,21.02222877894229,0,0
UBI-2887,Treasury,8,5.70693251804554,0,0
UBI-4216,IT,12,6.375822024367737,0,0
UBI-6772,HR,9,2.799627876334777,0,0
UBI-5186,Treasury,8,1.0,0,0
UBI-6791,Audit,7,1.3154706831525416,0,0
UBI-2276,Retail,8,1.6676535587510872,0,0
UBI-6387,Treasury,7,4.806468553414227,0,0
UBI-3961,IT,10,43.6419042014777,0,0
UBI-2925,Audit,9,9.030798194353027,0,0
UBI-5543,Treasury,8,15.377599526045852,0,0
UBI-5033,HR,8,10.91627451194897,0,0
UBI-8849,Audit,9,5.012349964289004,1,0
UBI-6699,Retail,7,33.78824994762074,0,0
UBI-8869,IT,10,1.0,0,0
UBI-4394,IT,8,9.475154562898073,0,0
UBI-7287,IT,8,10.840549063839925,0,0
UBI-6124,HR,8,6.694128855612849,0,0
UBI-1285,Audit,7,27.767865139671606,0,0
UBI-2252,IT,11,37.00608431050953,0,0
UBI-7799,Treasury,9,42.42184304913708,0,0
UBI-6536,Retail,8,21.604927401283064,0,0
UBI-5805,IT,12,18.836191988204963,0,0
UBI-4417,HR,9,5.7252542764347005,0,0
UBI-2986,Retail,8,19.500488264586945,0,0
UBI-8102,Retail,7,14.159800770081631,0,0
UBI-2639,Treasury,11,49.40869261402847,1,0
UBI-3368,Retail,7,25.52044710230347,1,0
UBI-2345,IT,2,692.454049899909,3,1
UBI-1825,Retail,8,13.170333097467687,0,0
UBI-6056,Audit,8,10.847424158194574,0,0
UBI-2000,Retail,7,1.116517685096392,0,0
UBI-5452,Retail,7,19.92186200599494,0,0
UBI-9649,IT,2,945.0659663968465,4,1
UBI-4108,Treasury,8,2.5159121901505133,0,0
UBI-7471,Treasury,8,33.92062130517856,0,0
UBI-4638,HR,7,1.0,0,0
UBI-8397,Retail,7,13.194964284998438,0,0
UBI-1004,HR,8,1.2616482314920827,0,0
UBI-6005,Treasury,9,3.1525864040083915,1,0
UBI-8326,Audit,10,6.435699056224489,0,0
UBI-3752,HR,10,1.1796487229201778,0,0
UBI-7190,Treasury,8,6.916042809585538,0,0
UBI-7882,IT,12,14.890439212890943,0,0
UBI-5648,Audit,10,29.986331837143055,0,0
UBI-2214,IT,13,16.433526416915264,0,0
UBI-1345,HR,8,19.94664223634965,0,0
UBI-1791,Audit,7,1.0,2,0
UBI-8858,IT,12,1.0,0,0
UBI-9567,HR,11,13.892102820937012,0,0
UBI-6962,Retail,23,775.6453746613656,7,1
UBI-7988,HR,7,10.185595970844245,0,0
UBI-3139,IT,10,15.92311005807706,0,0
UBI-4451,Retail,7,50.0,0,0
UBI-2409,Audit,12,9.798086390699666,0,0
UBI-3866,Treasury,9,32.6844076641606,1,0
UBI-5491,HR,10,3.0421033932642585,0,0
UBI-6797,HR,7,40.494821106076145,0,0
UBI-7981,Retail,8,19.071960526313866,0,0
UBI-7819,HR,9,1.5961097096742176,0,0
UBI-2460,IT,10,7.431508720430953,0,0
UBI-4850,Retail,7,20.696386444104473,1,0
UBI-1726,Retail,9,41.38888251931782,0,0
UBI-1064,Treasury,7,1.0,0,0
UBI-5103,HR,4,700.5326253248395,0,1
UBI-2267,Audit,8,17.539568003597605,0,0
UBI-1525,IT,8,19.69164616119086,1,0
UBI-3198,Retail,8,8.40336228098028,1,0
UBI-1629,Retail,9,5.670778435339058,0,0
UBI-7966,IT,7,11.714178010345973,0,0
UBI-1698,HR,8,1.0,0,0
UBI-2959,Treasury,11,50.0,0,0
UBI-2387,Audit,12,26.635554670651835,0,0
UBI-6126,Treasury,7,9.596253318168998,0,0
UBI-2059,Retail,3,781.6578634259739,1,1
UBI-5330,IT,9,10.204757364087822,0,0
UBI-7089,Retail,10,26.1838761780166,0,0
UBI-8161,HR,23,1171.3463208376293,4,1
UBI-9471,IT,2,759.2434957180188,8,1
UBI-2633,IT,7,10.196974933894897,0,0
UBI-4267,IT,7,11.301977650439525,0,0
UBI-5904,IT,8,1.665608419496104,0,0
UBI-6423,IT,10,4.291191635308607,0,0
UBI-4759,Audit,3,659.2604907609314,5,1
UBI-1105,IT,9,13.37863370606512,0,0
UBI-8939,HR,7,33.366750287396044,0,0
UBI-3896,HR,7,7.463657696003412,0,0
UBI-3745,IT,9,2.834188132330954,0,0
UBI-5297,Treasury,8,3.683308843764817,0,0
UBI-4863,HR,9,14.959137510050361,1,0
UBI-4654,HR,8,12.100713621067053,0,0
UBI-9571,Retail,9,26.81893937741935,0,0
UBI-4696,Audit,10,2.8666973268727465,0,0
UBI-8287,Retail,7,9.907360914638867,0,0
UBI-5293,HR,7,28.888766491716595,0,0
UBI-5167,Audit,7,4.7781800666487655,0,0
UBI-7527,IT,9,5.025542017075441,0,0
UBI-1255,IT,7,17.689886440935084,1,0
UBI-2841,IT,9,24.181830556644947,1,0
UBI-8099,Treasury,9,1.1013309241504798,0,0
UBI-2798,Retail,8,2.3087117679340334,0,0
UBI-6962,HR,7,9.20533606435754,0,0
UBI-7748,HR,7,1.2332862583203332,1,0
UBI-6320,Audit,8,33.665761380768586,0,0
UBI-6276,Retail,8,39.46930367805322,1,0
UBI-9097,Audit,23,1009.5522482774838,3,1
UBI-6655,Retail,7,29.863771224357805,0,0
UBI-4735,HR,11,11.93699912454483,0,0
UBI-6181,IT,4,840.0523743073015,6,1
UBI-6913,Retail,7,17.488484734478188,0,0
UBI-7150,Retail,7,5.471654369831635,0,0
UBI-5662,IT,10,1.0,2,0
UBI-2899,Treasury,9,17.420474959944517,0,0
UBI-3969,HR,10,8.661635130409568,1,0
UBI-1891,Audit,11,2.311682142067729,0,0
UBI-3050,HR,7,28.97343413443477,0,0
UBI-4701,Retail,11,7.422457932617295,0,0
UBI-3074,Retail,7,28.583449681163557,0,0
UBI-9691,HR,7,14.535757318424864,0,0
UBI-4814,Retail,7,25.543925965033193,0,0
UBI-7276,Retail,7,2.3486234624647646,0,0
UBI-7770,IT,12,3.652604755902885,0,0
UBI-7099,Retail,7,24.892853037138156,0,0
UBI-6486,Audit,9,22.50160733319954,0,0
UBI-1406,Retail,9,18.771257121227013,0,0
UBI-8392,Treasury,7,24.55954180870804,0,0
UBI-8806,Retail,9,50.0,0,0
UBI-3065,Retail,11,1.3611617879242148,0,0
UBI-6645,Retail,7,1.0,0,0
UBI-3653,Treasury,2,463.99905089403035,2,1
UBI-7938,Retail,8,1.0950999210962171,0,0
UBI-9320,IT,8,21.016888025230788,0,0
UBI-4596,Audit,8,44.28135351177132,1,0
UBI-8587,HR,8,1.0,0,0
UBI-7132,HR,8,11.063127032503674,0,0
UBI-1956,Treasury,7,19.991528443115456,0,0
UBI-9905,IT,10,7.753306744997315,0,0
UBI-6691,HR,11,11.016788144005108,0,0
UBI-7807,Audit,7,2.9052755536020443,0,0
UBI-8560,Audit,10,1.0,1,0
UBI-1197,Audit,8,1.45639767307603,0,0
UBI-8479,Treasury,7,2.9380299057649255,0,0
UBI-9841,Retail,12,4.578036640337751,0,0
UBI-6109,Audit,9,17.481810033344612,0,0
UBI-5014,Retail,7,8.427696690823511,0,0
UBI-6409,IT,4,1025.15412322575,3,1
UBI-3635,IT,8,1.0,0,0
UBI-6029,HR,7,32.9391607333074,0,0
UBI-3289,IT,7,50.0,0,0
UBI-5142,HR,7,3.671316451293242,0,0
UBI-6095,Audit,2,925.2027208791343,3,1
UBI-9503,Audit,7,36.386761219491525,1,0
UBI-5422,HR,10,34.827982327734674,0,0
UBI-5931,Audit,8,14.920883816052948,0,0
UBI-8651,Audit,9,3.1420431466991325,0,0
UBI-7059,Treasury,10,15.164530467299462,0,0
UBI-8595,Retail,12,1.1393318571266509,0,0
UBI-8574,Treasury,8,6.272530828385705,0,0
UBI-6124,Audit,12,22.751016394375444,0,0
UBI-4874,Treasury,7,17.466959464091623,0,0
UBI-1482,Audit,9,2.511154698446806,1,0
UBI-4093,Treasury,8,25.792160082546378,0,0
UBI-4294,HR,7,25.564816637674255,1,0
UBI-2062,Treasury,10,10.984776031697296,0,0
UBI-5146,HR,13,15.752185084771446,0,0
UBI-9659,Treasury,10,5.334027497353846,0,0
UBI-8098,Audit,8,2.3256402793923208,0,0
UBI-9865,Retail,9,16.77203520322917,0,0
UBI-3502,HR,9,5.054973986911005,0,0
UBI-9105,Audit,7,1.262279467398268,0,0
UBI-5780,IT,7,6.838271398643007,0,0
UBI-8138,Retail,7,11.50095561253811,0,0
UBI-8996,Treasury,8,5.158483372044767,0,0
UBI-2525,Retail,7,8.657366732950374,0,0
UBI-4083,HR,9,2.4110404384113826,0,0
UBI-8916,Audit,8,3.499916672952634,1,0
UBI-7674,IT,8,18.919717182643378,0,0
UBI-2058,Treasury,10,1.1088698232932963,0,0
UBI-1269,Retail,9,9.968327059354452,0,0
UBI-8192,Treasury,10,25.79877381537189,0,0
UBI-7652,Treasury,8,6.759301832109975,1,0
UBI-7487,IT,3,629.896828285342,2,1
UBI-3043,HR,10,1.0,0,0
UBI-4174,Retail,7,4.4722677229780174,1,0
UBI-7028,Audit,11,4.91392534856335,0,0
UBI-6726,Treasury,8,9.002646312655088,0,0
UBI-7228,Audit,12,13.289505799214595,0,0
UBI-9783,Treasury,11,11.064112592772133,0,0
UBI-8943,Audit,11,19.800716218756904,0,0
UBI-4141,Audit,9,11.416481025190567,0,0
UBI-9586,Retail,10,5.407645961131054,0,0
UBI-1384,Retail,7,7.262084958820022,0,0
UBI-5732,Audit,9,15.990553666563498,0,0
UBI-4610,HR,7,9.49603017051392,0,0
UBI-2367,Audit,9,50.0,0,0
UBI-8357,Retail,7,8.895470739469555,0,0
UBI-5621,IT,7,2.891656737031954,0,0
UBI-9647,HR,7,17.090188216878648,0,0
UBI-5380,Audit,10,6.22574734205461,0,0
UBI-7881,Treasury,9,21.739823915912396,0,0
UBI-8227,Treasury,8,4.002495182826649,0,0
UBI-4354,Audit,9,36.40995906560144,0,0
UBI-4072,Retail,7,3.401122290276355,0,0
UBI-6588,Audit,11,4.31298338380875,0,0
UBI-3869,Treasury,7,11.171467725693699,0,0
UBI-9512,HR,10,18.46198730739493,0,0
UBI-9472,Treasury,7,19.552615235679784,0,0
UBI-5380,Treasury,7,1.0,0,0
UBI-8992,Retail,7,24.028315526944816,0,0
UBI-5270,HR,3,369.5924957558582,0,1
UBI-3838,IT,8,18.127925492903948,0,0
UBI-3538,Retail,7,17.932523212559413,0,0
UBI-3632,HR,8,3.84568934930928,0,0
UBI-4324,HR,8,23.334556547733282,0,0
UBI-7506,Retail,9,46.524033654981714,0,0
UBI-2343,Treasury,9,22.572420780958733,0,0
UBI-8112,HR,7,14.042153427554517,0,0
UBI-5859,Audit,7,12.797243991266496,0,0
UBI-9782,Audit,8,14.391291551985914,0,0
UBI-9754,Audit,9,18.116912444713492,1,0
UBI-8555,Retail,9,5.348806141232603,0,0
UBI-3911,IT,7,4.189920212665555,0,0
UBI-3428,Retail,7,1.1076085514632033,0,0
UBI-7996,IT,7,16.66930402074086,0,0
UBI-4769,Treasury,11,20.32324080955486,0,0
UBI-5811,IT,7,16.734056813714936,1,0
UBI-2838,IT,10,40.24873581434961,0,0
UBI-2980,Audit,8,2.7365802945086686,0,0
UBI-3493,Treasury,7,8.800920142928167,0,0
UBI-3604,HR,10,8.850516174559182,1,0
UBI-5150,Treasury,7,1.0,0,0
UBI-8643,Retail,7,1.1064857474728167,0,0
UBI-4741,Retail,9,2.385198956487156,0,0
UBI-9967,Audit,7,13.059762143548003,0,0
UBI-4374,IT,7,7.60682118083201,0,0
UBI-4020,IT,7,15.681259635716508,1,0
UBI-8026,Treasury,7,32.93996526045237,0,0
UBI-5316,IT,4,727.2760885734057,9,1
UBI-1594,IT,2,803.6809246838917,6,1
UBI-2240,HR,7,13.277252255127275,0,0
UBI-3717,IT,9,4.484030263570924,0,0
UBI-8390,Treasury,11,25.312233752630593,0,0
UBI-3920,Retail,7,12.115788666965631,0,0
UBI-1412,Treasury,10,24.55724668456404,1,0
UBI-1659,Audit,7,1.0,0,0
UBI-2389,Audit,10,32.817155010739015,1,0
UBI-1404,HR,7,50.0,0,0
UBI-5109,Retail,8,2.5876912356114463,0,0
UBI-5835,Retail,11,38.00417010249294,0,0
UBI-5524,IT,9,25.605201348244893,0,0
UBI-4788,Treasury,9,9.459592297258666,0,0
UBI-7981,Treasury,8,5.684167439980377,0,0
UBI-3265,HR,8,18.269836437914552,0,0
UBI-6864,HR,8,8.947782965188294,2,0
UBI-1686,Retail,9,6.544474320539813,0,0
UBI-6390,Retail,7,1.0,1,0
UBI-2771,Treasury,9,19.051672841556147,0,0
UBI-2960,Audit,11,40.61987234356462,0,0
UBI-2198,IT,12,13.740078641429802,0,0
UBI-4854,Retail,13,1.8454021842012909,0,0
UBI-7764,Audit,10,19.191247721553065,0,0
UBI-7895,IT,11,5.750828231295552,0,0
UBI-4636,IT,8,4.965052619535275,0,0
UBI-6600,Treasury,7,2.1005325714778382,0,0
UBI-8404,Treasury,8,21.757269803550617,0,0
UBI-8673,Audit,8,35.46995101119655,0,0
UBI-4300,Treasury,8,44.3083333082118,0,0
UBI-1728,Audit,10,12.117857364931513,0,0
UBI-8339,Retail,8,19.057064479232725,0,0
UBI-8777,Treasury,9,4.5299943136132494,0,0
UBI-6031,Treasury,10,31.981288729449783,0,0
UBI-7944,HR,12,2.3588853426389336,0,0
UBI-2645,IT,8,9.916411182566858,0,0
UBI-3786,Treasury,8,13.91687839567979,0,0
UBI-9989,IT,8,11.01562035072566,1,0
UBI-6287,Retail,11,46.325208835984334,0,0
UBI-8906,IT,7,27.018006985533223,0,0
UBI-3863,Retail,7,15.884551419199568,0,0
UBI-3156,IT,7,4.005845596406506,0,0
UBI-5300,HR,13,18.220440638087968,0,0
UBI-9002,Treasury,10,5.7861885927287675,0,0
UBI-2069,Audit,8,1.2781366376596992,1,0
UBI-1634,IT,7,21.159066572400487,0,0
UBI-3817,IT,8,3.2557228628329864,0,0
UBI-1001,Audit,8,24.568200386978077,0,0
UBI-5496,Audit,9,6.501491234215919,0,0
UBI-6732,Retail,7,1.5245217086266731,0,0
UBI-5179,IT,13,6.372207655204846,0,0
UBI-8314,HR,7,4.964933512527221,0,0
UBI-7493,HR,9,2.0150770278335353,0,0
UBI-8206,IT,9,10.674493876120627,0,0
UBI-4797,Retail,7,16.72003384532636,1,0
UBI-9130,Treasury,12,29.48534213838739,1,0
UBI-6897,HR,7,9.5618981155821,0,0
UBI-3082,IT,10,28.77779114607024,0,0
UBI-3964,IT,9,3.587702411732793,0,0
UBI-4709,Treasury,10,19.35314767014927,1,0
UBI-7229,Audit,9,13.985772638001402,0,0
UBI-7891,Retail,9,10.649990390174132,1,0
UBI-5799,Treasury,7,7.146503854415762,0,0
UBI-7833,HR,7,1.0,0,0
UBI-2969,Retail,8,6.879445050397151,1,0
UBI-4266,IT,11,6.282505188269207,0,0
UBI-4683,HR,8,18.36214303784714,0,0
UBI-2852,HR,8,15.727757156933068,0,0
UBI-5021,Audit,10,12.11053428415886,0,0
UBI-1933,HR,7,4.289760599691386,0,0
UBI-7638,Audit,8,12.641301044610486,0,0
UBI-7596,HR,2,972.3947670538946,4,1
UBI-9442,HR,7,50.0,0,0
UBI-9004,Audit,7,22.830267278786003,0,0
UBI-4330,Audit,2,1050.4798759257517,1,1
UBI-3421,HR,8,8.330086428574385,0,0
UBI-6249,HR,12,8.009009447396615,0,0
UBI-6854,Audit,12,40.45714520819736,0,0
UBI-9662,IT,11,10.370491258049766,0,0
UBI-2949,Retail,7,38.10554263959064,0,0
UBI-1963,Retail,11,10.506200873917633,0,0
UBI-5114,HR,8,1.9735813132236764,1,0
UBI-2065,Retail,9,19.43603178132894,0,0
UBI-3205,IT,7,14.464380543398146,0,0
UBI-9321,Retail,11,35.30215809744126,0,0
UBI-5242,Audit,10,13.21245283014514,1,0
UBI-6010,Retail,9,3.245274462577748,0,0
UBI-1512,IT,9,35.02518178656763,0,0
UBI-9927,Treasury,8,6.255935330277466,0,0
UBI-6811,IT,11,16.722028844453135,1,0
UBI-2646,Audit,8,22.433088804437052,0,0
UBI-7767,HR,8,8.795250677580281,0,0
UBI-2324,Treasury,10,28.403338150932814,0,0
UBI-2148,Treasury,8,1.9448879349433998,0,0
UBI-1077,HR,8,28.655029208249584,1,0
UBI-6690,Audit,10,19.79851988144249,0,0
UBI-6619,Audit,12,1.0,2,0
UBI-3598,Retail,23,711.1966045778125,4,1
UBI-6051,HR,7,44.288961348382905,0,0
UBI-7376,Retail,9,17.21385302658573,1,0
UBI-7898,HR,7,14.805291068338779,0,0
UBI-5889,IT,4,931.4425007169694,4,1
UBI-8029,Audit,7,21.254297217481195,0,0
UBI-6779,Audit,7,16.912462173131797,0,0
UBI-8186,IT,12,4.8433981462977975,0,0
UBI-6452,Treasury,23,719.310681857135,4,1
UBI-2734,Audit,7,5.476976460820396,0,0
UBI-6468,HR,8,10.93470786964763,0,0
UBI-3106,Audit,7,14.02720169677266,0,0
UBI-6760,HR,7,10.957089502600843,0,0
UBI-6658,Audit,8,4.04454311094051,0,0
UBI-7016,Audit,7,3.3636094208726557,0,0
UBI-3125,Audit,10,17.953190105620752,0,0
UBI-8843,Retail,8,3.034855583481755,0,0
UBI-1633,IT,4,1107.8564988689648,4,1
UBI-2012,Audit,8,8.986823515980612,0,0
UBI-8575,IT,9,1.4117285460272584,0,0
UBI-7235,Audit,9,5.836307969712644,0,0
UBI-4444,HR,11,3.6832321272569737,0,0
UBI-5225,Audit,7,18.32983031190863,0,0
UBI-9110,Retail,10,10.800393240016561,0,0
UBI-9567,Audit,10,7.318828638341557,0,0
UBI-6495,IT,12,26.552525258581785,0,0
UBI-6299,Treasury,9,16.950464761203634,1,0
UBI-7938,Retail,7,11.811283673384377,0,0
UBI-8175,Audit,7,2.6972769869684967,0,0
UBI-7801,HR,7,1.0,0,0
UBI-8637,HR,2,1169.1291138548631,3,1
UBI-3336,IT,7,50.0,0,0
UBI-7288,Retail,7,13.064525314722497,0,0
UBI-8190,HR,7,16.44161865298453,0,0
UBI-6415,Retail,8,1.0,0,0
UBI-1974,HR,4,651.954122563993,3,1
UBI-3026,IT,9,2.9927700155101813,0,0
UBI-2308,Audit,7,1.0174240588610037,0,0
UBI-7331,Retail,11,6.47969963062354,0,0
UBI-6016,HR,12,21.585803721557898,0,0
UBI-9194,HR,8,9.723990418869587,0,0
UBI-8009,Treasury,10,32.77761959792384,0,0
UBI-8833,Treasury,9,12.697733182337775,0,0
UBI-6588,IT,9,8.402454291126423,0,0
UBI-2301,Audit,12,3.4939403608810897,0,0
UBI-2191,HR,10,19.5037552758496,0,0
UBI-9623,Treasury,8,50.0,1,0
UBI-6656,Audit,7,19.390859991489307,0,0
UBI-4678,Retail,3,1054.341237853941,5,1
UBI-1552,Audit,7,27.335096100208858,0,0
UBI-5917,IT,10,25.161735911626494,0,0
UBI-7368,Treasury,7,1.0,0,0
UBI-6596,Retail,8,1.0,0,0
UBI-4572,IT,8,31.047678855261477,0,0
UBI-7303,Audit,14,1.2356668186593591,0,0
UBI-1294,Audit,9,4.174797760821094,0,0
UBI-4173,Audit,10,33.89922922586616,0,0
UBI-8343,Audit,11,1.5880355019825376,0,0
UBI-5499,Treasury,12,6.35286031807895,0,0
UBI-3978,Audit,7,11.784962889610306,1,0
UBI-3593,Audit,10,50.0,0,0
UBI-7321,Treasury,2,813.6240881427228,5,1
UBI-5116,IT,13,17.568994320108082,0,0
UBI-2735,Audit,10,10.797604895412059,0,0
UBI-1663,Treasury,11,4.750091345633226,0,0
UBI-5356,Retail,8,1.5962107503887746,0,0
UBI-9966,Audit,2,894.1580887933941,4,1
UBI-4368,Treasury,8,17.878807516590676,0,0
UBI-9393,IT,7,7.746728670421536,0,0
UBI-4391,Retail,9,19.16022545979092,0,0
UBI-5964,Treasury,9,2.2840514539488375,0,0
UBI-4584,Audit,8,12.718231207398963,0,0
UBI-5388,Treasury,9,10.644295855320404,1,0
UBI-9954,Audit,9,10.660259039576195,0,0
UBI-8491,Treasury,8,28.499810145356726,0,0
UBI-8119,Retail,10,12.055198983795226,0,0
UBI-4496,Treasury,11,8.605994719400334,0,0
UBI-7102,IT,7,3.006636890428274,0,0
UBI-8473,Audit,10,4.419235393562053,1,0
UBI-5223,IT,10,31.128767398125447,0,0
UBI-8418,HR,7,1.0,0,0
UBI-4030,HR,9,5.234924791285074,0,0
UBI-8014,Audit,10,7.833927716989058,0,0
UBI-6105,HR,7,50.0,0,0
UBI-2939,HR,11,21.426236186255625,0,0
UBI-7852,Retail,11,6.670905304706496,0,0
UBI-2165,HR,8,8.482356591974288,0,0
UBI-2917,Retail,9,7.346877109715654,0,0
UBI-7166,Audit,8,35.74892506201338,0,0
UBI-1011,Audit,11,24.263524568851288,0,0
UBI-8694,HR,7,4.000607184012488,0,0
UBI-3472,Treasury,7,4.64090010651842,0,0
UBI-5000,IT,7,10.492887224481056,0,0
UBI-1909,HR,4,586.9917992014773,5,1
UBI-6724,IT,7,9.751302293346201,0,0
UBI-9712,IT,9,1.0,0,0
UBI-9519,Audit,8,25.538801966410333,0,0
UBI-6334,Audit,9,2.0411603816345663,0,0
UBI-1556,Treasury,7,13.483493860159177,0,0
UBI-4420,HR,8,9.331929648450911,1,0
UBI-6548,Audit,10,26.975338460024005,0,0
UBI-5752,Retail,9,50.0,0,0
UBI-2333,Retail,10,1.0,0,0
UBI-3200,IT,9,17.557647185507854,1,0
UBI-6348,IT,8,4.913806589234849,0,0
UBI-9429,IT,7,47.490770525185944,0,0
UBI-9555,Retail,8,8.47553736876572,2,0
UBI-2802,IT,7,13.092631008008176,0,0
UBI-2682,HR,7,27.108129664447027,1,0
UBI-4466,Audit,11,50.0,0,0
UBI-1161,HR,10,22.346322456767304,0,0
UBI-6565,Retail,7,5.077574586183301,0,0
UBI-7260,Retail,3,651.7393262125495,2,1
UBI-6907,Treasury,11,1.4988572815476764,0,0
UBI-5037,Retail,7,29.57882356004222,0,0
UBI-9308,Treasury,7,10.476319432919322,0,0
UBI-6293,HR,8,13.851481829951112,0,0
UBI-6387,IT,9,22.599106869680465,0,0
UBI-8101,Audit,8,23.407894907174295,0,0
UBI-1986,IT,8,5.839074710464359,0,0
UBI-8206,HR,8,1.6822825625716238,0,0
UBI-8982,Audit,9,24.651580767186047,0,0
UBI-1481,Retail,8,20.055305968896732,0,0
UBI-6178,HR,7,22.82384016402303,0,0
UBI-8408,IT,7,2.8347098214344864,0,0
UBI-2868,Retail,7,4.597378493138795,0,0
UBI-9467,Retail,23,757.6600820321879,3,1
UBI-2810,HR,11,20.22794543586804,0,0
UBI-2365,Retail,10,5.641741128238068,0,0
UBI-6463,Retail,7,1.0,0,0
UBI-5451,Treasury,10,30.370510143255366,0,0
UBI-4054,Treasury,7,7.8403554683149075,0,0
UBI-8004,Audit,10,11.535062183135533,0,0
UBI-1943,Retail,7,8.4565762635805,0,0
UBI-6243,IT,12,7.7223431525804065,0,0
UBI-6258,Treasury,9,4.495542599210999,0,0
UBI-2177,Treasury,8,6.439892537145286,0,0
UBI-6919,Treasury,10,7.862154196099103,0,0
UBI-1466,HR,7,14.990201094099177,0,0
UBI-4086,Audit,7,24.201891416861663,0,0
UBI-3113,Retail,7,6.609946532462065,0,0
UBI-8147,Audit,9,38.911757466480644,0,0
UBI-6788,Audit,7,7.381892077250203,0,0
UBI-3143,IT,7,22.60514282659092,0,0
UBI-7541,Audit,7,19.9067628198905,0,0
UBI-4389,Treasury,7,5.818986837630968,0,0
UBI-2184,HR,11,5.401549502854533,1,0
UBI-1536,Retail,11,6.258875470846547,0,0
UBI-7763,Retail,23,440.11361288489684,6,1
UBI-9707,IT,7,6.906446780195743,0,0
UBI-7960,Retail,8,11.013144763082622,0,0
UBI-7677,HR,8,16.5696463823231,0,0
UBI-4097,Audit,9,14.496726310850235,0,0
UBI-8311,IT,7,14.03576975327219,0,0
UBI-1302,Treasury,7,2.7791362695861026,0,0
UBI-3740,HR,7,11.932161222243746,0,0
UBI-7477,Retail,8,5.089229828487254,0,0
UBI-4380,IT,7,1.1905588842342625,0,0
UBI-2667,Retail,10,2.0227512907134484,0,0
UBI-7002,Retail,8,50.0,0,0
UBI-6988,IT,7,19.422765230868805,0,0
UBI-2733,Audit,7,8.776531364157373,0,0
UBI-5263,Treasury,7,4.2064354517633,0,0
UBI-4511,Audit,9,13.42350607479572,0,0
UBI-4291,IT,12,4.39606887692723,0,0
UBI-1202,IT,10,6.3309624495752095,0,0
UBI-6150,HR,8,1.0,0,0
UBI-4900,IT,8,8.759965150245327,0,0
UBI-7736,Audit,8,3.284793680791403,0,0
UBI-6777,Audit,10,23.58146540984699,0,0
UBI-7439,HR,2,634.2523981117434,3,1
UBI-3914,HR,11,5.145002048795315,0,0
UBI-1340,Treasury,7,26.898077574401558,1,0
UBI-4843,Audit,10,1.0,0,0
UBI-2927,HR,8,10.155205082574577,0,0
UBI-8901,Retail,9,9.299547741733443,0,0
UBI-5164,Audit,12,18.167819829020477,0,0
UBI-8158,Retail,11,14.783427286048854,0,0
UBI-8035,IT,10,3.908661219534381,0,0
UBI-1951,HR,7,3.57914141866985,0,0
UBI-4760,Retail,10,7.693731668910724,0,0
UBI-4335,IT,7,5.472813171518932,0,0
UBI-6535,Audit,9,22.046524079290023,0,0
UBI-9434,Treasury,7,23.865550098090043,0,0
UBI-6713,Audit,7,17.17544382513273,0,0
UBI-7430,Audit,8,5.889092122899988,0,0
UBI-5555,HR,10,11.180670336580972,0,0
UBI-4373,Treasury,7,1.8661631781869876,0,0
UBI-1277,Retail,10,30.680990311268943,0,0
UBI-3975,Retail,7,9.206866138958489,0,0
UBI-2925,Audit,8,36.99127343758161,0,0
UBI-1417,HR,9,3.1917977932375847,0,0
UBI-5644,Audit,9,20.935184565809596,0,0
UBI-5795,Treasury,7,21.232086134209677,0,0
UBI-8043,Retail,9,5.413368038677654,0,0
UBI-8734,IT,12,33.53985019383608,0,0
UBI-3708,IT,7,13.508054097501477,1,0
UBI-1302,HR,10,15.135464980030823,0,0
UBI-6083,Treasury,7,11.338883824566262,0,0
UBI-1262,IT,11,7.421714142781206,0,0
UBI-7038,Treasury,9,1.1780732236580953,1,0
UBI-5495,HR,7,4.697191452091227,0,0
UBI-3703,IT,8,10.631593994336658,0,0
UBI-7766,Audit,9,8.084159922306497,0,0
UBI-8956,Audit,7,18.452349813649608,0,0
UBI-7116,Audit,7,4.620091577383635,0,0
UBI-5497,IT,8,2.9704903778391754,0,0
UBI-4124,HR,10,2.2501797681977953,0,0
UBI-1716,Retail,7,12.207321823120015,0,0
UBI-4748,HR,10,31.274064574130783,0,0
UBI-4239,IT,9,29.693959283372727,0,0
UBI-1830,HR,9,7.653836844428427,0,0
UBI-3695,Treasury,7,9.181941588971341,0,0
UBI-4152,HR,9,16.759207961685632,0,0
UBI-9082,HR,8,16.361136550248876,0,0
UBI-2853,IT,11,5.340619734029955,0,0
UBI-4812,HR,7,15.0667541741578,0,0
UBI-9173,HR,7,6.937511289841134,0,0
UBI-3983,HR,10,24.15302168715432,0,0
UBI-1984,Treasury,7,29.358573744816088,1,0
UBI-8126,HR,7,22.060066474427426,0,0
UBI-5440,Retail,7,8.703217701013962,0,0
UBI-8241,Audit,8,3.3862216551506323,0,0
UBI-7602,IT,7,14.471786127898238,0,0
UBI-9958,Retail,11,19.883636386495056,0,0
UBI-2555,HR,8,7.526777414654241,0,0
UBI-2100,Audit,7,2.67987569161041,0,0
UBI-8973,IT,8,11.969769204607132,0,0
UBI-4738,Retail,8,12.636358478650502,0,0
UBI-7812,IT,12,50.0,0,0
UBI-6977,HR,9,50.0,0,0
UBI-6315,HR,7,17.528187754020518,0,0
UBI-6626,Treasury,10,1.6016915582827496,0,0
UBI-9142,Audit,2,302.17443903953523,6,1
UBI-8083,IT,7,15.592354324155535,0,0
UBI-9108,Audit,4,949.0744584003596,1,1
UBI-5197,Retail,7,5.005796132350791,0,0
UBI-3193,IT,10,7.823712336879908,0,0
UBI-8490,HR,11,29.368087460964897,0,0
UBI-6699,HR,9,20.58112880282289,0,0
UBI-2007,Audit,7,8.00743692668723,0,0
UBI-6877,Treasury,7,17.17258530059311,1,0
UBI-4144,Audit,8,5.787366989975675,0,0
UBI-6801,Audit,9,7.835844230658254,0,0
UBI-6745,HR,8,6.254715112051332,0,0
UBI-1689,Audit,7,22.982194753834126,0,0
UBI-3403,IT,7,50.0,0,0
UBI-8560,IT,11,7.9827372074368945,0,0
UBI-9808,Treasury,7,6.729202172089949,0,0
UBI-5261,Audit,10,24.433890136038457,0,0
UBI-2081,Retail,8,45.96542637356048,0,0
UBI-9549,Treasury,7,6.696641817656786,0,0
UBI-2759,HR,11,8.868462483252092,0,0
UBI-3327,Audit,8,3.5967928374207423,0,0
UBI-6043,Treasury,8,6.52397542895836,0,0
UBI-4636,HR,11,3.7475413419917394,1,0
UBI-2619,Retail,9,31.09222377276766,0,0
UBI-1614,Audit,11,16.47284809881323,0,0
UBI-9070,Audit,7,2.784508786888608,0,0
UBI-2763,Retail,11,10.571400255387806,0,0
UBI-5437,Treasury,9,28.018388999947213,0,0
UBI-6109,Treasury,10,6.150993934594236,0,0
UBI-9996,Audit,9,5.008574835751302,0,0
UBI-2895,HR,7,28.98243746036913,0,0
UBI-5757,IT,7,19.042047071892334,0,0
UBI-1728,IT,9,5.979430813159145,0,0
UBI-2591,Audit,11,28.508052432521687,0,0
UBI-1390,IT,7,50.0,0,0
UBI-4343,Treasury,7,3.5394804214236912,1,0
UBI-7469,IT,7,23.94314728458175,0,0
UBI-6490,Treasury,11,20.54059902668268,0,0
UBI-1502,IT,7,19.843757481396427,0,0
UBI-2678,Retail,7,9.439010640852194,0,0
UBI-6122,IT,4,972.5141828097903,4,1
UBI-6468,Treasury,7,17.337335707861424,0,0
UBI-5465,Retail,11,3.0297793603847905,0,0
UBI-5470,IT,10,17.855071431532913,0,0
UBI-4818,Audit,9,14.962026922812846,0,0
UBI-1260,Audit,7,10.124019642031685,0,0
UBI-6252,HR,7,14.930724136972817,0,0
UBI-9155,Retail,7,5.347430153390512,0,0
UBI-8867,Audit,11,17.490586607903985,0,0
UBI-7776,Audit,10,1.5528484273973227,0,0
UBI-7748,HR,4,882.6870777436186,7,1
UBI-2435,HR,11,10.667888789013617,0,0
UBI-4374,Retail,7,3.216176913424112,0,0
UBI-4192,Retail,12,32.65455726337632,0,0
UBI-9007,Audit,7,14.827431488372302,0,0
UBI-9984,HR,8,18.523037872558152,0,0
UBI-1148,IT,7,11.023797281336924,0,0
UBI-8240,Retail,7,7.325401538012181,0,0
UBI-3817,Audit,7,5.454159157975705,0,0
UBI-4228,Audit,8,1.0,0,0
UBI-3192,IT,8,19.505220214875493,0,0
UBI-2685,HR,10,20.98272331231214,0,0
UBI-5882,Treasury,9,16.56213381352042,0,0
UBI-1116,IT,7,23.792256424057232,0,0
UBI-6088,Retail,10,9.146127985954527,0,0
UBI-4744,IT,12,19.906905474346694,0,0
UBI-3382,IT,7,50.0,0,0
UBI-2816,HR,8,40.676458928397075,0,0
UBI-1125,HR,8,11.190953292967231,0,0
UBI-6997,HR,8,3.115093056933304,0,0
UBI-4507,Audit,13,16.9270508848156,0,0
UBI-5033,IT,7,6.689371727399951,1,0
UBI-2059,Treasury,7,2.120115643193058,0,0
UBI-4157,Treasury,7,4.408755772636387,0,0
UBI-3368,Audit,10,1.6411426346989175,0,0
UBI-9646,HR,11,10.34326640043791,0,0
UBI-3898,Retail,7,10.004913984923066,0,0
UBI-6975,Audit,7,10.451918629580573,0,0
UBI-9286,Audit,14,4.307727052319196,0,0
UBI-2970,Treasury,9,4.689971710420539,0,0
UBI-7024,Treasury,7,12.279065670348933,0,0
UBI-1666,Retail,10,3.2437018160239317,0,0
UBI-7287,Retail,8,33.24909514269222,0,0
UBI-6051,Treasury,9,14.751847073669781,0,0
UBI-4845,HR,11,1.1714163921180214,0,0
UBI-4581,Retail,8,34.26328846321832,0,0
UBI-5831,IT,8,1.0,0,0
UBI-8311,IT,12,22.84426495469508,0,0
UBI-7941,HR,7,32.20849097944526,0,0
UBI-4419,IT,7,7.38081727718612,1,0
UBI-8494,HR,8,18.028860616497944,0,0
UBI-3433,Retail,10,2.1839645057341652,0,0
UBI-2249,Retail,9,10.843878395705572,1,0
UBI-8409,Treasury,9,12.51174767247727,0,0
UBI-7546,Audit,9,16.091952756503247,1,0
UBI-5255,Audit,7,10.530540929970858,0,0
UBI-9135,HR,7,4.864249349214366,0,0
UBI-5000,IT,9,48.5974387443397,0,0
UBI-3454,Audit,7,1.1053023354155607,0,0
UBI-9038,Retail,10,11.150844069124613,0,0
UBI-8979,Retail,10,21.764242885032317,0,0
UBI-7585,HR,10,9.180250907355846,0,0
UBI-8723,Audit,9,8.116282988783306,0,0
UBI-1632,IT,12,15.88236931139685,0,0
UBI-5980,HR,8,25.581016609844585,0,0
UBI-8002,Audit,9,28.848468385136957,0,0
UBI-5892,Treasury,7,1.334823088079304,0,0
UBI-8725,IT,10,2.502939406922504,0,0
UBI-2048,HR,8,17.73228422579164,0,0
UBI-3396,Retail,11,25.084035363793667,1,0
UBI-5079,Treasury,10,12.227721238383902,0,0
UBI-2256,Treasury,7,2.60708799678858,0,0
UBI-5218,IT,10,1.0,0,0
UBI-7617,IT,11,1.9081094896738109,0,0
UBI-7042,IT,7,46.53746901490191,0,0
UBI-9907,HR,9,15.929721018297782,0,0
UBI-5445,Retail,7,16.25250376153456,0,0
UBI-1974,HR,13,24.229128787152362,0,0
UBI-7924,Audit,7,20.489458007328725,1,0
UBI-5547,IT,10,1.4228433759423778,1,0
UBI-2342,Audit,9,18.758215271660365,0,0
UBI-5576,IT,10,22.182035636047058,0,0
UBI-3079,Retail,7,9.657389564964443,0,0
UBI-6352,Audit,7,7.052440356069764,0,0
UBI-5854,Retail,7,8.816705830957678,0,0
UBI-8526,HR,12,42.32597825586023,1,0
UBI-8005,Audit,9,3.299394700291324,0,0
UBI-6463,IT,7,8.901426912897783,0,0
UBI-5018,Audit,7,1.7882735834398344,1,0
UBI-5107,Retail,8,5.119127369861938,0,0
UBI-1249,IT,10,37.44267437824129,0,0
UBI-9711,Retail,7,19.79076515578961,0,0
UBI-9915,HR,7,4.708704760895063,0,0
UBI-6776,IT,9,18.0823525954346,0,0
UBI-9175,HR,11,2.6002919612721875,0,0
UBI-1569,Retail,7,7.220310207822082,0,0
UBI-5146,Audit,7,10.97899666332562,0,0
UBI-8657,Retail,7,9.89147287693396,0,0
UBI-3940,IT,2,784.7459177955865,7,1
UBI-6892,IT,9,3.4529282337592364,0,0
UBI-3612,Treasury,7,5.975196825715127,0,0
UBI-7813,Treasury,10,3.1241144274128563,0,0
UBI-1063,Audit,23,1132.9981400165398,3,1
UBI-4157,Retail,7,4.824266904898811,0,0
UBI-5873,HR,11,15.82760744674703,0,0
UBI-3708,HR,7,5.625056175849008,0,0
UBI-3681,HR,7,1.0,0,0
UBI-7721,Retail,8,18.00138865461806,0,0
UBI-8059,Retail,8,8.218305771414666,0,0
UBI-9941,Treasury,10,18.110240833403502,0,0
UBI-5737,IT,9,12.998112833232392,0,0
UBI-1055,Retail,8,26.165869018003313,0,0
UBI-9319,Retail,9,28.772924854522497,0,0
UBI-8564,HR,10,49.13005633697984,0,0
UBI-4953,Audit,9,8.179530180942008,0,0
UBI-7525,IT,7,11.953251685355035,0,0
UBI-6704,HR,7,25.47407652311643,0,0
UBI-6346,Retail,8,19.154753700862152,1,0
UBI-7986,Retail,12,37.65286930023712,0,0
UBI-9007,IT,13,50.0,0,0
UBI-1876,HR,7,3.6427295107934485,0,0
UBI-2954,Audit,23,941.4909671105802,3,1
UBI-4719,HR,8,3.3286264861002417,0,0
UBI-6959,Audit,7,1.0,0,0
UBI-6182,IT,13,1.0,0,0
UBI-4446,IT,23,736.9369672810384,3,1
UBI-7090,HR,8,1.0,0,0
UBI-7262,IT,10,30.854772120454854,0,0
UBI-3469,Treasury,7,7.236711591085741,0,0
UBI-1560,Audit,7,12.227325096488308,0,0
UBI-2663,Retail,13,10.077798558832288,0,0
UBI-5968,Retail,8,1.2835438363892047,0,0
UBI-4672,Audit,10,2.0129531137273573,0,0
UBI-6084,HR,12,40.563334991091935,0,0
UBI-1574,HR,7,1.0,0,0
UBI-6604,Retail,7,2.2324285457839745,0,0
UBI-1769,IT,7,10.452516829817087,0,0
UBI-7732,Retail,7,31.121826204366638,0,0
UBI-3060,Retail,7,7.138495694888153,0,0
UBI-5853,Treasury,14,16.3797939095576,1,0
UBI-1054,Retail,7,5.049754208983118,0,0
UBI-5225,Audit,7,2.2652290895626694,0,0
UBI-2392,IT,23,814.0972184517834,1,1
UBI-4138,Retail,9,6.145717659910044,0,0
UBI-1984,Audit,8,3.9712820092999213,0,0
UBI-7116,Treasury,23,1038.965798925411,1,1
UBI-1153,Retail,8,32.08223568099084,0,0
UBI-7614,Audit,9,29.29360568296651,0,0
UBI-8486,Treasury,10,5.487871815777704,0,0
UBI-7971,IT,9,15.128762727369239,0,0
UBI-7542,Retail,11,2.463528771281993,0,0
UBI-9476,HR,8,2.1315596988873264,0,0
UBI-2072,Treasury,10,2.6541139638518723,0,0
UBI-6855,IT,9,1.0,0,0
UBI-7949,Retail,11,30.55912270586881,0,0
UBI-2138,Treasury,23,1184.6743759459619,3,1
UBI-6172,Retail,9,17.039448644092403,0,0
UBI-2252,IT,11,42.42276627199657,1,0
UBI-3573,Treasury,7,20.935822006622505,0,0
UBI-6895,IT,8,1.0,0,0
UBI-8813,HR,11,1.0,0,0
UBI-4155,Treasury,8,4.842972832793754,0,0
UBI-1793,Retail,8,9.571329610612093,0,0
UBI-4472,HR,7,18.980840686636512,0,0
UBI-4436,HR,10,1.0,0,0
UBI-8546,Treasury,8,18.1762938376217,0,0
UBI-6765,HR,9,27.185221267977997,0,0
UBI-3665,Treasury,7,14.366617639663769,0,0
UBI-8392,Treasury,8,1.2230595056074414,0,0
UBI-4719,Audit,9,1.4291155897803272,0,0
UBI-9453,Audit,10,48.55359286691216,0,0
UBI-5910,Treasury,7,5.406440808492354,0,0
UBI-6625,Treasury,12,1.0,0,0
UBI-5703,HR,8,33.27376910471852,0,0
UBI-8123,Audit,8,11.234604643950219,0,0
UBI-5430,HR,7,3.1224563713958933,0,0
UBI-9053,HR,8,6.044325408960958,0,0
UBI-2306,Treasury,7,12.77974617092587,0,0
UBI-2316,IT,8,1.1855426935264335,0,0
UBI-5849,IT,11,2.8564442686561278,1,0
UBI-3255,HR,9,4.868186003506094,0,0
UBI-1638,HR,11,24.580214156207827,0,0
UBI-1005,Retail,8,1.0,0,0
UBI-9227,Treasury,10,3.254714727113231,0,0
UBI-4462,IT,10,6.361852525028499,0,0
UBI-3427,Treasury,7,14.363839677765377,0,0
UBI-9173,Audit,8,5.3385084563183245,0,0
UBI-3349,Audit,7,4.9878049410622936,0,0
UBI-8455,IT,9,18.823647068553523,0,0
UBI-2796,Audit,9,11.507075541135547,0,0
UBI-1279,Audit,3,613.1515285800019,0,1
UBI-3747,IT,7,50.0,1,0
UBI-8373,Retail,9,1.0,0,0
UBI-6240,Audit,7,1.487321764927001,0,0
UBI-6954,IT,7,8.646781742166636,0,0
UBI-3811,IT,8,1.0,0,0
UBI-8164,HR,7,13.297423233488143,0,0
UBI-8483,IT,8,1.0,0,0
UBI-8970,HR,10,1.8611710168260027,1,0
UBI-5926,HR,7,8.240965017964609,0,0
UBI-8056,Audit,7,27.22498826304678,0,0
UBI-4925,Retail,7,2.9117789035411428,1,0
UBI-6047,IT,8,38.26328850948875,0,0
UBI-6319,Audit,11,4.811588007604673,0,0
UBI-9258,HR,9,10.268484718842105,0,0
UBI-8577,Audit,7,6.615037755697972,0,0
UBI-6191,IT,7,19.133380809888564,0,0
UBI-8291,Audit,8,4.804797979059356,0,0
UBI-5361,Retail,10,20.51158780670508,0,0
UBI-8400,Treasury,9,1.1957554430595694,0,0
UBI-8992,Treasury,11,38.86692433100224,0,0
UBI-7265,Retail,7,13.961692732604847,0,0
UBI-8400,Audit,9,1.0,1,0
UBI-2098,IT,9,33.99112925048529,0,0
UBI-7316,IT,9,12.538580821646303,1,0
UBI-7197,Treasury,8,14.592153971945379,0,0
UBI-9433,Audit,10,10.787297223235166,0,0
UBI-1928,Audit,9,19.635751472857123,0,0
UBI-9352,Audit,8,20.827100827372917,0,0
UBI-1094,HR,8,11.553127361962133,0,0
UBI-1060,HR,9,2.871233888384327,0,0
UBI-6791,HR,11,38.75320351120737,0,0
UBI-3530,HR,10,32.2817339795299,0,0
UBI-5820,HR,12,44.40504454167433,0,0
UBI-1526,Retail,7,29.81267929647506,1,0
UBI-8761,IT,8,1.0,0,0
UBI-5592,Audit,23,693.7758123342156,4,1
UBI-8648,Audit,9,10.666162234612756,0,0
UBI-9502,IT,10,28.75414793110631,0,0
UBI-1537,IT,9,11.431298166922037,0,0
UBI-8687,HR,7,9.920367000184026,0,0
UBI-5790,Treasury,7,13.153401687657206,0,0
UBI-9945,Treasury,7,9.05693333208772,0,0
UBI-1009,IT,10,1.6612208230595646,0,0
UBI-8897,HR,3,911.9902854638694,5,1
UBI-5809,IT,7,19.596227534569277,0,0
UBI-5873,Retail,7,6.073502838929921,0,0
UBI-5841,IT,11,23.841962555551515,0,0
UBI-7295,Treasury,9,2.8448474899374125,0,0
UBI-6408,Retail,10,32.91043926669785,0,0
UBI-6343,Treasury,7,35.84917239102071,0,0
UBI-5286,Retail,10,1.0,0,0
UBI-7863,HR,11,3.7708841119778085,0,0
UBI-3047,IT,7,50.0,0,0
UBI-6575,Treasury,13,4.103379916295231,0,0
UBI-7530,Audit,12,20.534382355331882,0,0
UBI-1009,Retail,7,4.358171607892639,0,0
UBI-9619,Audit,10,11.139936145266612,0,0
UBI-6618,HR,11,31.648081183047122,0,0
UBI-1454,Treasury,9,1.0,0,0
UBI-4828,IT,7,1.2450827106244347,0,0
UBI-4719,IT,8,12.121661740723004,0,0
UBI-7549,Retail,10,1.0,0,0
UBI-7052,IT,10,3.81485976558403,0,0
UBI-3322,Treasury,11,11.77992277488399,0,0
UBI-9932,HR,11,11.533275226282635,0,0
UBI-7294,Retail,9,21.6998130240596,0,0
UBI-6901,HR,11,31.520763247982806,0,0
UBI-7612,IT,8,19.33132851794613,0,0
UBI-7150,IT,7,3.309756743416603,0,0
UBI-7183,IT,9,31.537252016084672,0,0
UBI-8437,IT,9,2.7492991645353735,0,0
UBI-7295,Treasury,10,15.566679473347897,0,0
UBI-4177,HR,9,2.290577663304437,0,0
UBI-6949,Treasury,13,4.471613204237839,0,0
UBI-3062,Retail,8,2.7124028545289423,0,0
UBI-3734,Audit,7,4.524749742222245,0,0
UBI-9357,HR,9,9.107961857277644,0,0
UBI-6301,HR,8,1.5014315742444502,0,0
UBI-2689,Treasury,15,1.4805894196172933,0,0
UBI-8989,HR,11,46.16609822679623,0,0
UBI-1770,HR,10,50.0,0,0
UBI-4009,Audit,12,49.136816582289754,0,0
UBI-4644,Audit,11,34.58568560381229,0,0
UBI-8245,Audit,7,8.046143701246283,0,0
UBI-5426,IT,11,11.231489028136137,0,0
UBI-3048,Audit,9,13.255469857323,0,0
UBI-2279,IT,7,4.909741035947534,0,0
UBI-7457,Retail,10,34.39308363468224,0,0
UBI-9226,Audit,8,24.84753428753026,1,0
UBI-7780,HR,7,13.004170027760852,0,0
UBI-7910,IT,9,27.49048755269709,1,0
UBI-8027,Treasury,9,25.206781996499174,0,0
UBI-6796,Audit,7,5.447364148096445,0,0
UBI-5973,IT,11,14.999982185224372,0,0
UBI-5061,Treasury,7,6.341529062889555,0,0
UBI-3472,HR,7,25.118660338393678,0,0
UBI-5203,Retail,8,9.38808889457073,0,0
UBI-3551,Treasury,8,2.0135279719554724,1,0
UBI-1956,Retail,11,8.660129784849593,1,0
UBI-2742,HR,8,1.295436961657378,0,0
UBI-8010,Retail,12,11.891410494956153,0,0
UBI-7588,Audit,12,1.8835508385071356,0,0
UBI-9445,Treasury,8,18.954397087152653,0,0
UBI-5858,Audit,7,34.99997546053921,0,0
UBI-8057,HR,11,9.77149331624042,0,0
UBI-7619,HR,7,10.558683795980736,0,0
UBI-2740,Audit,2,857.9611483996787,5,1
UBI-8449,HR,11,7.153209728912505,0,0
UBI-9780,Treasury,8,23.450310582455646,0,0
UBI-1074,Audit,8,9.875138947002053,1,0
UBI-4930,IT,10,11.958581267987887,0,0
UBI-1995,HR,10,14.56225437524135,0,0
UBI-9245,HR,9,28.90905800071721,0,0
UBI-7278,Retail,9,17.27901548537913,0,0
UBI-8730,IT,9,1.622071028822895,1,0
UBI-4170,HR,7,15.203836216930018,0,0
UBI-3711,Treasury,7,2.5264336346325607,0,0
UBI-9311,Audit,12,4.793619734849551,0,0
UBI-3120,Retail,7,50.0,0,0
UBI-9238,Treasury,8,7.921937121664978,0,0
UBI-5227,HR,7,4.544927151405347,0,0
UBI-4453,HR,7,9.570319308946775,0,0
UBI-6134,Audit,7,2.703668212427696,1,0
UBI-8041,Audit,8,13.829211854421699,0,0
UBI-7892,Retail,11,1.0,0,0
UBI-6759,Treasury,9,6.713216376739293,0,0
UBI-4073,HR,10,1.0,1,0
UBI-3105,Retail,7,8.969305215685463,0,0
UBI-9529,Treasury,8,21.019303437834253,0,0
UBI-4273,Retail,8,4.71315070833426,1,0
UBI-3278,IT,7,21.17317271309112,0,0
UBI-3931,Treasury,10,3.417734425904431,0,0
UBI-6592,Treasury,11,3.6836886111202736,0,0
UBI-3674,Treasury,9,20.04652716151313,1,0
UBI-1846,Retail,11,22.370055396526006,0,0
UBI-6915,HR,9,3.796555230904832,0,0
UBI-3568,Audit,8,35.48887077681167,0,0
UBI-8962,Retail,23,774.4098099856022,3,1
UBI-1374,HR,10,1.09019726033762,0,0
UBI-1823,Treasury,7,1.0,0,0
UBI-2440,Audit,7,12.139344073317226,0,0
UBI-9914,IT,11,11.013752211509937,0,0
UBI-1854,Retail,11,36.55976270699712,0,0
UBI-7015,Audit,10,7.240936167943082,1,0
UBI-2122,HR,9,11.254084823224073,0,0
UBI-7078,Retail,9,1.0,0,0
UBI-3712,IT,8,20.771290314906672,0,0
UBI-9930,Audit,7,7.3561474047649105,0,0
UBI-9996,HR,7,25.581619945292317,0,0
UBI-9096,Treasury,4,751.4153107647038,5,1
UBI-6870,Audit,8,37.817630648011,0,0
UBI-2389,Treasury,9,9.759468947380238,0,0
UBI-4840,IT,9,1.7012665618275418,0,0
UBI-8668,Audit,11,23.908014187804586,0,0
UBI-9684,Retail,8,10.200701516136698,0,0
UBI-6249,Treasury,9,6.596030615542458,0,0
UBI-1145,HR,11,1.701677184053818,0,0
UBI-1126,IT,7,18.805974732611478,0,0
UBI-8102,IT,8,3.1309380103804094,0,0
UBI-7059,Treasury,10,48.999292326681086,0,0
UBI-8519,HR,8,22.68146070934636,0,0
UBI-7371,Retail,10,15.559761218688072,0,0
UBI-8186,Treasury,8,3.260385226657201,0,0
UBI-6188,Retail,8,4.643425458796543,2,0
UBI-1098,HR,8,1.0,0,0
UBI-4665,Audit,7,1.085326626521523,0,0
UBI-8683,IT,10,30.48368743626878,0,0
UBI-3419,Retail,10,26.081926374577552,0,0
UBI-3790,HR,11,1.6266162134509399,0,0
UBI-8351,IT,9,11.857777664134229,0,0
UBI-6449,Retail,9,50.0,0,0
UBI-2218,Audit,7,2.938107691560146,0,0
UBI-7047,Retail,7,50.0,0,0
UBI-9204,Treasury,2,787.6073985529449,0,1
UBI-4104,Audit,12,11.037243907786776,0,0
UBI-2528,Audit,9,5.006894240657667,0,0
UBI-2709,Audit,11,5.300465561127465,0,0
UBI-6592,HR,10,44.884833062738146,0,0
UBI-2571,Retail,9,50.0,0,0
UBI-3878,Retail,7,8.027646875100338,1,0
UBI-5443,IT,9,18.20992923713925,0,0
UBI-1158,Retail,10,50.0,1,0
UBI-8270,Retail,8,4.400657098881912,0,0
UBI-8027,IT,11,7.77508327771227,0,0
UBI-5788,HR,10,32.95380763665635,0,0
UBI-7819,Retail,9,29.25402981084038,0,0
UBI-4430,Retail,10,5.563034840135442,0,0
UBI-3027,Treasury,10,26.849499913741845,0,0
UBI-5133,Treasury,12,7.102436798854087,0,0
UBI-6971,HR,9,16.72352801844693,0,0
UBI-2817,IT,23,790.0807277635918,9,1
UBI-5491,Treasury,7,40.46549044999318,0,0
UBI-2761,HR,7,15.693221249679208,0,0
UBI-3391,Treasury,23,518.3070338169498,2,1
UBI-2640,HR,10,17.118108497820412,0,0
UBI-3203,Audit,7,15.156531407376589,0,0
UBI-1894,IT,10,50.0,0,0
UBI-6878,Retail,9,21.695014123334648,0,0
UBI-5616,HR,7,16.8835424554144,0,0
UBI-1317,Treasury,9,1.5616418560818965,0,0
UBI-1571,Audit,9,5.763862242043996,0,0
UBI-8385,Audit,11,9.032242270792088,0,0
UBI-7238,HR,10,13.78533566872605,0,0
UBI-2312,Audit,12,16.014513168415817,0,0
UBI-2604,Retail,10,14.607841589102621,0,0
UBI-2016,Treasury,9,9.912366102891292,0,0
UBI-8804,IT,9,23.877784461786927,0,0
UBI-7353,IT,8,28.441068484989533,0,0
UBI-4170,Retail,10,15.480566952226777,1,0
UBI-6530,Audit,10,14.677017452325934,1,0
UBI-9801,Treasury,8,3.8683945202982497,0,0
UBI-6237,IT,10,25.568232124495438,0,0
UBI-2875,Audit,7,13.40385060918027,0,0
UBI-8009,Retail,11,1.000124163961678,0,0
UBI-7257,Treasury,10,21.444704661340666,0,0
UBI-8179,IT,7,23.244687403427275,0,0
UBI-2239,Treasury,9,8.662087566312414,0,0
UBI-8312,IT,11,10.721170589920725,1,0
UBI-9322,Retail,8,17.27014559346263,0,0
UBI-6073,Treasury,9,22.25316396988696,0,0
UBI-1523,Retail,11,30.776058141284942,0,0
UBI-2045,Audit,7,20.14452678828664,0,0
UBI-6373,IT,11,27.592893053930286,1,0
UBI-3141,IT,10,1.0,0,0
UBI-3443,Audit,10,6.681763859550646,0,0
UBI-8196,IT,11,50.0,0,0
UBI-6539,Audit,7,3.4949487778978323,0,0
UBI-3033,IT,8,17.55921615872645,1,0
UBI-9787,Treasury,7,16.737682575031823,0,0
UBI-3466,Audit,10,16.15382111745164,0,0
UBI-6016,Treasury,8,17.27434622758362,0,0
UBI-9044,Audit,8,12.461452206900617,0,0
UBI-5971,IT,10,38.97106488175956,0,0
UBI-1953,Audit,9,1.7492504444750518,0,0
UBI-9172,IT,10,3.517962024415346,0,0
UBI-9325,HR,7,5.167281764767913,0,0
UBI-2202,Retail,11,2.681081686342063,1,0
UBI-6126,Retail,9,1.0,0,0
UBI-2531,HR,12,10.202871983926457,0,0
UBI-5278,HR,9,40.35221856715816,0,0
UBI-1671,Retail,11,5.665505505588431,0,0
UBI-4056,Treasury,7,13.996271855759314,0,0
UBI-2823,Audit,10,9.121770926466542,0,0
UBI-5090,Audit,7,12.30774588053257,0,0
UBI-5425,Retail,9,8.644383200730875,0,0
UBI-8805,Treasury,7,18.76105391507028,0,0
UBI-3180,Retail,8,11.500773980330735,0,0
UBI-2712,HR,9,14.756427311305805,0,0
UBI-2693,HR,12,7.098317085259196,0,0
UBI-3713,HR,9,5.073830170111014,0,0
UBI-2063,Retail,9,48.36513824681614,0,0
UBI-3797,Retail,9,8.899534411739879,0,0
UBI-4695,Retail,7,11.046261447722264,0,0
UBI-5944,HR,13,2.9259063139766317,0,0
UBI-7295,HR,7,14.670876805639972,0,0
UBI-1021,HR,8,16.364156706367616,0,0
UBI-1955,IT,7,1.0,0,0
UBI-8294,Treasury,9,3.5747115930694746,0,0
UBI-8848,Audit,8,7.883836474603328,0,0
UBI-8827,Audit,8,6.149058521954608,1,0
UBI-1140,Treasury,10,1.0,0,0
UBI-9853,HR,11,17.766098835915944,0,0
UBI-8832,HR,9,19.947484850953447,0,0
UBI-5612,Treasury,7,5.069204280910937,1,0
UBI-9006,HR,7,50.0,0,0
UBI-9592,HR,8,1.6899945242036016,0,0
UBI-3219,Audit,9,14.42978488600943,0,0
UBI-1954,Retail,11,6.606939175426347,0,0
UBI-7327,HR,8,50.0,0,0
UBI-4714,Audit,8,4.10193210436911,0,0
UBI-6675,Treasury,10,23.333270208585013,0,0
UBI-3693,HR,7,29.183831669549154,0,0
UBI-4549,IT,10,13.676545753908695,0,0
UBI-3872,IT,9,4.490350756749183,0,0
UBI-7570,Treasury,10,1.1205431497530212,0,0
UBI-2994,HR,9,3.313558391508637,0,0
UBI-5346,Treasury,10,6.772382164050687,1,0
UBI-2542,Treasury,9,30.069972066104636,0,0
UBI-6189,IT,7,20.144402728837782,0,0
UBI-5869,Audit,7,6.266164494979579,0,0
UBI-8253,Treasury,9,21.565964740918748,0,0
UBI-6619,Retail,7,10.32326971655866,0,0
UBI-3371,Treasury,8,28.93174425247798,1,0
UBI-2908,Treasury,7,5.098626986062645,0,0
UBI-7430,Audit,9,48.89625855188332,0,0
UBI-6486,Treasury,7,13.135375178238903,0,0
UBI-7082,IT,11,9.866300560798578,0,0
UBI-4117,HR,11,4.161884191080572,0,0
UBI-2390,HR,7,31.190145764271282,0,0
UBI-5530,Audit,9,9.042862034784264,0,0
UBI-2707,Treasury,12,4.053479927139135,0,0
UBI-1329,Retail,7,5.079186184936517,0,0
UBI-9792,Audit,7,1.208580435842974,0,0
UBI-7190,IT,8,8.210040940758633,0,0
UBI-7184,IT,8,3.7863907115679103,0,0
UBI-5161,HR,23,300.0,4,1
UBI-7640,Retail,11,1.0,0,0
UBI-9669,IT,7,33.28937543287356,0,0
UBI-9213,Retail,7,12.908017778280609,0,0
UBI-5349,Retail,9,3.085700910525231,0,0
UBI-8643,Treasury,8,2.0967159598970464,0,0
UBI-1338,Audit,7,2.560352859121015,0,0
UBI-3475,Treasury,8,2.4473973999961363,0,0
UBI-7196,Treasury,4,691.5001387224543,2,1
UBI-7731,Retail,9,11.263808145944155,0,0
UBI-5777,HR,13,2.1584867573949875,0,0
UBI-4042,Retail,10,12.48067201528517,0,0
UBI-4005,Audit,7,27.339433400536837,0,0
UBI-3032,Audit,7,16.6502560879717,0,0
UBI-2607,Audit,10,3.8847849935975223,1,0
UBI-6280,Retail,7,22.396968149382865,0,0
UBI-5212,IT,8,25.617905812828074,0,0
UBI-7528,Retail,8,1.19857062759732,0,0
UBI-4676,Audit,7,7.70778947306557,0,0
UBI-3667,HR,9,41.17443092237316,0,0
UBI-6429,Retail,7,5.975949866808151,0,0
UBI-6757,Audit,7,32.78648175129934,0,0
UBI-1827,Retail,8,5.9202380177215685,0,0
UBI-5729,HR,8,5.818791759233156,0,0
UBI-9666,HR,10,15.192910975508191,1,0
UBI-4067,HR,12,4.188539012573973,0,0
UBI-9966,HR,7,7.882586851058761,0,0
UBI-8714,IT,13,5.687171388135743,1,0
UBI-2976,HR,10,14.33527729669902,0,0
UBI-7941,IT,10,14.001282349148344,0,0
UBI-6592,Retail,12,6.3096967210456,0,0
UBI-6122,Retail,8,2.416775975519317,0,0
UBI-6681,Audit,23,906.2809562401734,3,1
UBI-4072,IT,11,39.76248462538646,0,0
UBI-6895,Retail,7,1.0,0,0
UBI-9508,Treasury,10,50.0,0,0
UBI-8099,HR,7,1.2234726291601756,0,0
UBI-4719,HR,9,11.497736507907497,0,0
UBI-4072,Retail,7,1.0,0,0
UBI-9684,IT,11,5.135765196577588,1,0
UBI-2304,Treasury,7,7.684453962311409,0,0
UBI-5488,Audit,11,1.3617254751484271,0,0
UBI-3365,Audit,9,10.384207245040017,0,0
UBI-1667,HR,9,4.452457635670383,0,0
UBI-9680,HR,7,29.694522056793772,0,0
UBI-8124,IT,8,4.51240973074077,0,0
UBI-7359,Audit,7,3.472233038201441,0,0
UBI-9766,Treasury,11,16.006763393423665,0,0
UBI-1804,IT,10,23.60328648228295,0,0
UBI-5569,HR,9,15.434667624380774,0,0
UBI-2804,IT,11,1.0,0,0
UBI-7731,Audit,8,7.367765126204324,0,0
UBI-3645,IT,7,16.1117044886248,0,0
UBI-8117,Retail,8,1.0,0,0
UBI-3136,Retail,8,3.7208088149957117,0,0
UBI-1918,Retail,11,8.880092583454315,0,0
UBI-5143,Audit,12,21.56031136425597,0,0
UBI-4440,Treasury,10,3.544565495759099,0,0
UBI-8022,HR,12,8.737615277593356,0,0
UBI-8208,Retail,7,36.393835585326116,0,0
UBI-4712,IT,12,21.63364451519899,0,0
UBI-3967,Retail,12,35.846217988689844,0,0
UBI-6881,Audit,7,30.199309513325193,0,0
UBI-4510,HR,10,50.0,0,0
UBI-4594,HR,9,7.366778208190081,0,0
UBI-6699,IT,8,17.034819444746894,0,0
UBI-7573,HR,11,5.560157405539349,0,0
UBI-4778,Treasury,8,16.241828495463913,0,0
UBI-3871,IT,8,4.678448367638099,0,0
UBI-8629,HR,7,1.0,0,0
UBI-6068,Treasury,9,16.73607808857457,0,0
UBI-6742,Treasury,9,4.081254161686896,0,0
UBI-1514,HR,7,19.30972731030046,0,0
UBI-8340,Audit,10,45.760072515041465,0,0
UBI-1301,IT,7,10.007169305360824,0,0
UBI-9838,Audit,7,21.35925681454082,0,0
UBI-5549,Treasury,3,426.23653742569275,3,1
UBI-6115,Retail,8,1.0,0,0
UBI-5130,IT,2,932.0190921060758,4,1
UBI-1213,Treasury,9,8.968971366034314,0,0
UBI-7704,Treasury,8,21.987061490677362,1,0
UBI-1575,Treasury,9,21.246671463312264,0,0
UBI-2531,IT,10,5.591950293606543,0,0
UBI-3511,HR,9,2.222873788766749,0,0
UBI-4177,IT,10,14.649042208472883,1,0
UBI-6644,IT,7,31.471384199851624,0,0
UBI-4579,Treasury,7,5.217734487032591,0,0
UBI-9258,Treasury,7,2.8614457575489367,0,0
UBI-1236,Treasury,8,1.0,0,0
UBI-6370,Retail,12,11.672653351565774,1,0
UBI-1364,Retail,11,4.6847526586321155,0,0
UBI-3738,Retail,7,17.898204135892172,0,0
UBI-6941,Audit,9,9.483654779819808,0,0
UBI-8984,Audit,11,50.0,0,0
UBI-9133,Retail,7,23.103516438357673,0,0
UBI-3000,Audit,10,6.557917475486757,0,0
UBI-2484,HR,7,3.694323368843339,0,0
UBI-4913,Treasury,7,24.31121282737849,0,0
UBI-7822,HR,4,883.4591461825012,8,1
UBI-1966,Retail,7,6.606669949228818,0,0
UBI-5158,Retail,8,1.0,0,0
UBI-9253,HR,23,1142.7851600853987,6,1
UBI-4561,Treasury,9,14.266462334623103,1,0
UBI-1600,Audit,7,43.94876709563617,0,0
UBI-3071,Audit,7,22.324982559650284,1,0
UBI-6476,HR,2,930.514625090909,1,1
UBI-8641,Audit,8,16.973077784071364,0,0
UBI-5846,IT,9,19.564469298828097,0,0
UBI-5675,Treasury,11,1.8393458838543963,0,0
UBI-7506,IT,7,32.08597280476262,0,0
UBI-1769,HR,9,19.49912953893576,0,0
UBI-7665,Retail,7,11.037131067064841,1,0
UBI-1980,HR,8,39.87510562942936,0,0
UBI-8368,Treasury,7,5.294370732295228,0,0
UBI-4561,HR,7,1.0,0,0
UBI-4040,Retail,12,19.733602284481883,0,0
UBI-7031,IT,8,32.92509096877715,0,0
UBI-8622,Treasury,8,8.236725446626636,0,0
UBI-8137,Treasury,9,13.879434354490709,0,0
UBI-7090,Audit,13,28.318098215046952,0,0
UBI-7943,HR,10,8.942577437295022,1,0
UBI-8554,Treasury,7,41.0988783215535,0,0
UBI-3891,HR,7,14.936342848511037,0,0
UBI-4178,Treasury,7,4.578247133511268,0,0
UBI-2693,Retail,12,11.688362840038504,0,0
UBI-7293,IT,10,15.039381152077352,1,0
UBI-8179,Treasury,8,7.784376322861703,0,0
UBI-9705,HR,7,12.305078506713937,0,0
UBI-9702,Retail,7,15.256178486701991,0,0
UBI-2040,IT,9,8.024905343594083,0,0
UBI-8218,IT,7,9.143494808153541,0,0
UBI-3739,Treasury,8,26.86364683531899,0,0
UBI-4179,HR,13,29.032057222885587,0,0
UBI-1232,Audit,7,17.576024617232665,0,0
UBI-1806,Audit,8,5.673996908523428,0,0
UBI-9230,Audit,10,20.65707690969472,0,0
UBI-2895,IT,10,4.99020486923899,0,0
UBI-4201,Treasury,3,942.4954069233609,4,1
UBI-4486,Audit,7,50.0,0,0
UBI-3558,HR,7,11.692431645752416,0,0
UBI-1635,Audit,10,12.570624754526692,0,0
UBI-2933,Treasury,8,24.25747489757527,0,0
UBI-7924,Retail,10,2.5961124933844877,0,0
UBI-9234,Audit,7,7.015062396751869,0,0
UBI-3491,HR,11,27.886374332968984,0,0
UBI-4974,IT,7,6.664500692612075,0,0
UBI-3782,Audit,7,43.590304266733234,0,0
UBI-3049,Audit,8,18.82650871522535,1,0
UBI-8790,Audit,7,1.8410909636499841,0,0
UBI-5435,IT,7,10.624189267021011,0,0
UBI-2229,Retail,7,1.7044916403970238,0,0
UBI-8221,Audit,7,11.95517773952279,0,0
UBI-7827,Treasury,3,539.9150668389505,9,1
UBI-9392,HR,8,3.1650370048380103,0,0
UBI-1832,IT,7,20.397385035461227,0,0
UBI-3051,Treasury,11,24.371103020626116,0,0
UBI-4028,Treasury,7,3.693749377988047,0,0
UBI-6738,Retail,3,1042.727398343353,8,1
UBI-3383,HR,9,19.20110316979305,0,0
UBI-5188,Retail,9,12.381268579315151,0,0
UBI-3408,Audit,7,2.762648808296032,0,0
UBI-6797,IT,8,13.380220907245908,1,0
UBI-4763,Retail,9,23.507384873048103,0,0
UBI-2386,IT,8,13.421650493716859,0,0
UBI-6203,Retail,10,48.49786816342208,0,0
UBI-1973,Audit,23,824.0661175423278,2,1
UBI-9195,IT,11,20.681183946337836,0,0
UBI-8312,Audit,9,1.0,0,0
UBI-5777,IT,8,8.334670329805023,0,0
UBI-4241,Retail,10,5.855564619789001,0,0
UBI-5036,HR,10,21.101155348986772,0,0
UBI-3190,IT,7,29.13305071785372,0,0
UBI-7402,Audit,9,1.0,0,0
UBI-8860,Retail,9,1.9784164959257815,0,0
UBI-4330,IT,8,19.2591603474241,0,0
UBI-5197,Audit,8,13.813005883289991,0,0
UBI-9942,HR,10,2.3120635815561386,0,0
UBI-5208,Audit,7,2.2153827781157127,0,0
UBI-6541,IT,10,3.2536342320429985,0,0
UBI-5976,Audit,10,1.8427826099099103,1,0
UBI-9824,Audit,2,1019.5344211360535,2,1
UBI-8979,Retail,8,6.068501141024789,0,0
UBI-1013,Treasury,7,14.680156474235682,0,0
UBI-4640,Treasury,9,10.741296978158246,0,0
UBI-6966,IT,7,3.503168228753781,0,0
UBI-1863,IT,7,1.0,0,0
UBI-4345,Retail,10,28.30578352120037,0,0
UBI-7936,HR,9,8.746887084918969,0,0
UBI-2622,IT,9,1.0,0,0
UBI-4530,HR,7,1.0,0,0
UBI-9755,IT,8,8.457693738237197,0,0
UBI-9017,Audit,7,14.590405895302771,0,0
UBI-7961,Treasury,4,550.0654369479471,5,1
UBI-8239,Retail,7,1.0,0,0
UBI-2664,Treasury,13,6.270838518759452,0,0
UBI-5642,HR,11,35.222025506519444,0,0
UBI-7241,HR,10,22.3802774991504,0,0
UBI-2854,HR,7,5.036533897746319,0,0
UBI-3824,Treasury,10,16.042294379722236,1,0
UBI-9389,HR,11,10.170975133162377,0,0
UBI-1775,Audit,10,16.199283490038574,0,0
UBI-3844,Retail,10,2.6087443255355147,0,0
UBI-2286,HR,7,1.5447335686627797,0,0
UBI-1768,IT,12,13.949931404056656,0,0
UBI-1922,IT,7,7.948350257804512,0,0
UBI-2460,Treasury,8,2.271194266832134,0,0
UBI-1271,Audit,11,13.21400468422814,0,0
UBI-2408,IT,23,888.9667465984107,4,1
UBI-6734,Audit,7,10.823921136052169,0,0
UBI-7305,Retail,9,21.86174686764737,0,0
UBI-8285,IT,7,8.296306192018605,0,0
UBI-5893,HR,7,10.620555242659693,0,0
UBI-8115,IT,7,36.89317263383641,0,0
UBI-3496,IT,8,33.469508666125016,0,0
UBI-3504,Audit,8,37.474010063036545,0,0
UBI-2481,Audit,10,22.676708491940285,1,0
UBI-9232,Retail,11,14.125795323518396,0,0
UBI-6951,IT,8,3.9281696354096813,0,0
UBI-9533,IT,9,8.53154304239158,0,0
UBI-1154,HR,7,5.12545164048415,0,0
UBI-9220,Treasury,10,31.483322561629418,0,0
UBI-8062,Retail,7,9.13483503432143,0,0
UBI-3806,Retail,7,3.7403701634281377,0,0
UBI-2998,IT,9,1.0,0,0
UBI-6136,IT,7,4.603987740026652,0,0
UBI-1545,Retail,7,41.03715847084794,0,0
UBI-1539,HR,11,15.269563596233253,0,0
UBI-4943,IT,7,45.02837215935691,0,0
UBI-9219,Treasury,10,24.733544701248377,0,0
UBI-9150,Audit,11,8.019899133032277,0,0
UBI-9162,IT,11,10.372323358726579,0,0
UBI-4155,Treasury,7,18.350344394980958,0,0
UBI-7212,Retail,7,18.50613657453086,0,0
UBI-4993,IT,9,42.50795032979137,0,0
UBI-5360,Retail,8,10.078985059290261,0,0
UBI-4432,Retail,7,17.817546280840425,0,0
UBI-7881,Audit,8,27.07633897169486,0,0
UBI-7905,Audit,12,4.530268268651263,0,0
UBI-7172,Retail,7,31.823307137447728,0,0
UBI-3950,IT,8,3.475154287383836,0,0
UBI-4385,HR,9,1.7394305820269573,0,0
UBI-7254,HR,8,12.506964470435058,0,0
UBI-4890,Treasury,9,5.475219582650203,0,0
UBI-3116,Retail,9,48.202275633373354,0,0
UBI-7704,Retail,8,17.550263928194738,0,0
UBI-1235,Audit,7,8.457802974763972,0,0
UBI-8842,Retail,9,13.104537004879994,0,0
UBI-2687,Treasury,8,1.611970150651459,0,0
UBI-9795,IT,9,50.0,0,0
UBI-1504,Treasury,8,50.0,0,0
UBI-7168,Treasury,9,1.0,0,0
UBI-4132,Audit,3,838.444536109461,5,1
UBI-3599,Treasury,10,1.0,0,0
UBI-1130,IT,10,24.865837782737557,0,0
UBI-5493,Treasury,10,31.55335585979842,0,0
UBI-3946,Treasury,9,50.0,0,0
UBI-2524,IT,8,20.650931550148993,0,0
UBI-5324,Treasury,7,16.196968294674672,0,0
UBI-1145,HR,9,7.416560684153208,0,0
UBI-6305,Retail,8,13.129974298331415,0,0
UBI-6232,Retail,8,17.117818523438203,0,0
UBI-6299,Treasury,9,36.558787632539754,0,0
UBI-7565,Audit,7,11.880033239518994,0,0
UBI-2704,Retail,9,10.749019683149472,0,0
UBI-7600,Audit,9,2.7805479024913917,1,0
UBI-1760,HR,9,10.515060233615133,0,0
UBI-4081,Retail,8,2.1710045353024108,0,0
UBI-5468,Retail,7,1.4562004254619718,0,0
UBI-8730,IT,23,945.8071971145439,4,1
UBI-2184,HR,7,2.0007438016653505,0,0
UBI-4242,Retail,11,17.358807433111963,0,0
UBI-2265,Audit,8,34.96929188543291,0,0
UBI-2290,Audit,7,9.854807782688567,0,0
UBI-7101,Treasury,2,872.522012123036,4,1
UBI-2792,Audit,7,4.130011150197158,0,0
UBI-3482,HR,7,12.0006495021679,0,0
UBI-5841,HR,23,1027.1013052206383,5,1
UBI-5282,IT,9,35.48302174375813,0,0
UBI-9363,HR,8,1.0,0,0
UBI-6490,Audit,9,1.0,0,0
UBI-3076,HR,2,890.2129763275113,3,1
UBI-6450,Retail,11,8.473534694595022,0,0
UBI-7970,Treasury,8,46.82051153035252,0,0
UBI-5389,HR,8,11.063805012064948,0,0
UBI-2686,Treasury,10,5.488813413515251,0,0
UBI-9010,Retail,9,9.06531313770492,0,0
UBI-6291,Retail,7,10.6721673305193,0,0
UBI-8052,IT,10,12.875965083957205,0,0
UBI-3719,Treasury,8,32.278040294245685,0,0
UBI-2667,Retail,4,921.4543230815398,8,1
UBI-5312,Treasury,7,1.7819508970362672,0,0
UBI-8854,Retail,3,929.290289929244,7,1
UBI-3541,HR,9,24.062917403571728,0,0
UBI-9335,Treasury,9,9.315476331025394,0,0
UBI-2291,Treasury,10,1.5065748093738485,0,0
UBI-8511,Treasury,7,3.9970853723163606,0,0
UBI-4223,Treasury,7,1.0,0,0
UBI-7420,Audit,7,7.577389973117182,0,0
UBI-4591,Retail,9,10.655237299645515,0,0
UBI-9633,IT,9,5.001660622636772,0,0
UBI-3473,HR,3,780.7499067471963,5,1
UBI-4627,Audit,12,3.435905076974429,1,0
UBI-1001,IT,8,20.037641818921802,0,0
UBI-8002,HR,7,28.40388337966664,0,0
UBI-7257,HR,9,1.0,0,0
UBI-8970,Audit,9,16.983228291579806,0,0
UBI-4726,Retail,10,31.929991689506693,0,0
UBI-1306,Retail,8,1.2904496047990652,0,0
UBI-2205,IT,12,10.488799200200198,0,0
UBI-9734,Retail,8,50.0,0,0
UBI-1190,Treasury,12,2.427838860927983,0,0
UBI-7316,HR,14,19.934608330233818,0,0
UBI-8705,HR,10,9.81200775533589,0,0
UBI-2154,HR,8,8.958747884185417,0,0
UBI-1189,HR,7,8.717086246008229,0,0
UBI-6101,IT,9,1.2521836018974177,1,0
UBI-8543,HR,7,6.2012018455812985,0,0
UBI-1961,Retail,2,842.7247435173314,6,1
UBI-8424,Audit,9,16.900206106146605,0,0
UBI-2648,HR,11,32.05295274218618,0,0
UBI-6393,Retail,12,14.50381058243861,0,0
UBI-2062,IT,8,37.14246785850955,0,0
UBI-5566,Retail,7,1.1345226341330361,0,0
UBI-4610,IT,13,33.69054210991815,0,0
UBI-5171,HR,8,4.068472218420608,0,0
UBI-5146,IT,11,4.598139214614157,0,0
UBI-2922,Audit,3,795.0528750620333,1,1
UBI-8350,HR,7,6.7616249585083334,0,0
UBI-5107,Retail,11,34.7573861220566,0,0
UBI-5363,IT,10,32.16106582720345,0,0
UBI-3359,Treasury,9,1.0,0,0
UBI-9436,Treasury,10,5.112855239995691,0,0
UBI-2750,IT,8,13.30621189830269,0,0
UBI-5473,IT,7,37.32669396101696,0,0
UBI-7563,IT,8,10.567865563532491,0,0
UBI-2388,Treasury,9,16.176404849692414,0,0
UBI-3162,Treasury,10,30.15132838184167,0,0
UBI-3785,Retail,12,21.012602492691787,0,0
UBI-1224,IT,10,32.76425830783011,0,0
UBI-1125,Treasury,10,50.0,0,0
UBI-8280,HR,7,50.0,0,0
UBI-4600,Audit,8,1.0,0,0
UBI-6085,Treasury,11,47.519916203092194,0,0
UBI-3832,IT,9,4.363342460002075,0,0
UBI-5399,Retail,12,5.199282365152745,0,0
UBI-1419,Audit,7,2.3537553880657334,0,0
UBI-4531,Retail,8,3.7353436173799737,0,0
UBI-4304,Treasury,11,5.690846091521807,0,0
UBI-8045,Retail,8,29.357551206151314,0,0
UBI-1707,Retail,7,2.064460954653324,0,0
UBI-3681,IT,9,16.49264702661111,0,0
UBI-7185,IT,11,2.8961235070318465,0,0
UBI-8878,Treasury,7,8.36633617014109,0,0
UBI-6445,Treasury,7,16.628572343602297,0,0
UBI-2028,Retail,9,8.261230993606477,0,0
UBI-4762,Treasury,8,6.183200874349275,0,0
UBI-1778,Retail,9,15.068510834600012,1,0
UBI-2581,Retail,7,9.91574269483699,0,0
UBI-2125,HR,10,6.429527656872699,0,0
UBI-7667,Treasury,11,50.0,0,0
UBI-2021,IT,11,8.484227223357074,0,0
UBI-2495,Retail,8,6.450735501047452,0,0
UBI-9527,Retail,7,37.43251966027341,0,0
UBI-7055,Treasury,23,900.9562236478333,5,1
UBI-5736,Audit,9,2.0512515529968,0,0
UBI-7488,IT,14,10.050534120520368,0,0
UBI-8674,HR,7,15.295442094418036,0,0
UBI-6179,Retail,8,3.811179208192245,0,0
UBI-6578,HR,7,13.103274630207046,0,0
UBI-7722,Audit,11,1.0773469400921238,1,0
UBI-5942,Audit,2,467.67953300623964,7,1
UBI-4186,Retail,11,31.28340803203905,0,0
UBI-7806,HR,9,2.804670601231131,0,0
UBI-9050,HR,7,12.9490138491192,0,0
UBI-4998,Treasury,10,18.614445287315238,0,0
UBI-4756,Audit,9,20.629493670506008,0,0
UBI-4225,Audit,8,50.0,0,0
UBI-1950,IT,7,14.03537736713624,0,0
UBI-7980,Treasury,8,1.6390714164879365,1,0
UBI-2884,Treasury,7,12.36517753632954,0,0
UBI-5178,HR,9,10.405925801758872,0,0
UBI-6222,Retail,7,16.737060394381917,0,0
UBI-1105,IT,9,7.729313658720986,0,0
UBI-1225,Treasury,7,18.16408351424914,0,0
UBI-9125,IT,11,7.536543351569343,0,0
UBI-3808,Audit,10,11.572584068578905,0,0
UBI-6420,IT,7,7.76212229389321,0,0
UBI-8994,Treasury,7,2.661106494939992,0,0
UBI-1717,Audit,8,19.243545249697657,0,0
UBI-2077,HR,12,9.608053227449298,1,0
UBI-2399,IT,23,1010.7498010956879,4,1
UBI-1845,Audit,10,4.849409564017239,1,0
UBI-5175,Retail,10,9.242282924390741,0,0
UBI-4713,Retail,7,5.379978042854223,0,0
UBI-6732,HR,8,20.415395592944876,0,0
UBI-6161,HR,11,1.980545100684893,0,0
UBI-7099,Treasury,7,3.039186749562637,0,0
UBI-5806,Audit,8,2.0022263264304443,0,0
UBI-5413,Audit,7,9.638985983317912,0,0
UBI-7787,HR,7,25.18237401384026,0,0
UBI-4192,Retail,2,525.8596834054131,6,1
UBI-3839,Retail,10,49.49077029485022,0,0
UBI-9609,Audit,8,50.0,0,0
UBI-1536,Audit,8,30.270117211764738,0,0
UBI-2331,Retail,7,11.687236524476825,0,0
UBI-4342,Treasury,10,17.756501685967997,0,0
UBI-5492,Audit,11,3.0581158211868815,0,0
UBI-9073,HR,10,1.7882755611700245,0,0
UBI-8125,Audit,8,7.64819804275979,0,0
UBI-4004,HR,7,14.152299907297662,0,0
UBI-1920,Treasury,9,6.029387736886293,0,0
UBI-5784,IT,7,6.575974540632338,0,0
UBI-9901,IT,7,45.81135354089369,0,0
UBI-2296,Audit,9,3.2107335249881275,0,0
UBI-8904,Audit,11,13.167583503038212,0,0
UBI-9058,Treasury,10,43.360772996653594,0,0
UBI-9338,IT,10,23.16217811891082,0,0
UBI-4124,Treasury,9,14.849980620690847,0,0
UBI-3243,Treasury,9,1.0,0,0
UBI-1606,Audit,10,40.975858855693225,0,0
UBI-7709,Retail,7,2.006914704271072,0,0
UBI-4725,Treasury,8,46.73107473443173,0,0
UBI-3489,HR,7,5.283749961376193,0,0
UBI-2757,Audit,11,8.295127677087594,0,0
UBI-1920,Audit,8,1.9932747315510737,0,0
UBI-3976,Audit,10,14.16809721663051,0,0
UBI-1089,HR,7,9.244573217865728,0,0
UBI-6415,HR,7,1.0,0,0
UBI-5911,IT,9,4.704021216709054,0,0
UBI-9920,Treasury,11,9.246047533576432,0,0
UBI-8327,HR,8,5.31454660427068,0,0
UBI-7339,Retail,3,976.6229103316966,4,1
UBI-4530,HR,10,4.044422251066213,0,0
UBI-8967,HR,10,10.588944535815553,0,0
UBI-2341,IT,7,13.872565256707393,0,0
UBI-3772,HR,9,1.6566489101438524,0,0
UBI-7644,IT,11,23.05723571516229,0,0
UBI-2679,Audit,9,1.3126611664908205,0,0
UBI-8421,Treasury,9,17.253376003305426,0,0
UBI-6984,Treasury,9,15.745279072204577,0,0
UBI-1968,Retail,10,43.116835716954895,0,0
UBI-5548,IT,9,36.15533682314621,0,0
UBI-9427,HR,8,10.999698077581956,0,0
UBI-1860,IT,10,14.9563875150321,0,0
UBI-8721,HR,11,6.833212532552505,0,0
UBI-7777,Treasury,7,1.322158576220411,0,0
UBI-4098,Retail,4,731.4945923425212,1,1
UBI-9577,Audit,7,9.031866456607943,0,0
UBI-8114,Retail,11,8.849082309129198,0,0
UBI-5033,Treasury,9,50.0,0,0
UBI-6947,Treasury,11,17.16011378273696,0,0
UBI-7342,Audit,8,24.815977919338557,0,0
UBI-4633,HR,9,1.0,0,0
UBI-3958,Treasury,9,25.76111212719434,0,0
UBI-6295,Retail,11,1.0,0,0
UBI-8446,Retail,8,32.82183770619195,0,0
UBI-9867,HR,11,40.89479643239477,0,0
UBI-9595,Audit,7,16.01555782481692,0,0
UBI-8970,Audit,7,2.9321582688956074,0,0
UBI-7441,IT,11,22.95828466837446,0,0
UBI-8274,HR,7,2.9884155184467085,0,0
UBI-5259,IT,9,18.90565979527635,0,0
UBI-5909,Audit,7,26.865268080390855,0,0
UBI-7012,Retail,8,50.0,0,0
UBI-3255,Treasury,9,1.1419750308502024,1,0
UBI-5637,Audit,9,7.266334419634071,0,0
UBI-4267,HR,7,5.152622421898947,1,0
UBI-1824,Retail,7,9.972207827767589,0,0
UBI-6472,Treasury,11,12.314492537038452,0,0
UBI-7894,Treasury,9,3.970582493319284,0,0
UBI-9716,Audit,11,28.0272193905789,0,0
UBI-4374,HR,7,34.46586863150831,0,0
UBI-9465,HR,10,9.341768414884555,0,0
UBI-4911,HR,7,50.0,0,0
UBI-3393,Audit,11,4.067016983540285,0,0
UBI-1988,Retail,7,6.899680880068471,0,0
UBI-2218,Treasury,9,14.868170190208897,0,0
UBI-1688,Treasury,10,14.366094207186155,0,0
UBI-3048,Retail,7,1.0,0,0
UBI-5544,IT,7,5.956812858691613,0,0
UBI-5311,Audit,8,7.22476362367111,0,0
UBI-6179,Treasury,11,20.207131686858325,0,0
UBI-2050,IT,10,1.0,1,0
UBI-9202,IT,11,2.478254613964093,0,0
UBI-7007,HR,23,956.3642421930913,5,1
UBI-4564,Retail,7,5.030271278189039,0,0
UBI-2266,Audit,11,5.937770447762852,0,0
UBI-1038,Audit,7,6.433184348063053,0,0
UBI-2394,Retail,7,5.483484967520497,0,0
UBI-8232,Audit,8,11.24563423709542,0,0
UBI-3353,HR,14,5.190583197811635,0,0
UBI-2454,Audit,3,549.1350881904009,6,1
UBI-2032,Treasury,23,1063.2535102999936,10,1
UBI-6208,IT,7,5.935092844735972,0,0
UBI-8629,HR,8,17.968561876744623,0,0
UBI-5289,Retail,7,32.56310785845641,0,0
UBI-7544,Retail,7,1.0,0,0
UBI-4310,Audit,9,39.84433595482441,1,0
UBI-9597,Treasury,10,50.0,0,0
UBI-4486,Retail,7,32.10816543881153,0,0
UBI-7269,Retail,7,1.0,0,0
UBI-4775,Audit,11,1.4746629001873086,0,0
UBI-9378,Retail,9,9.63972218419858,0,0
UBI-3736,IT,13,1.6854162981106706,0,0
UBI-7284,HR,8,6.457206454878601,0,0
UBI-2500,Audit,10,11.499107434019885,0,0
UBI-3923,Retail,10,21.191988006437946,1,0
UBI-3768,Treasury,9,4.5374366644450355,0,0
UBI-8576,HR,7,38.49318009476473,0,0
UBI-8693,Audit,9,10.66001509954173,0,0
UBI-5760,Treasury,8,50.0,0,0
UBI-9905,HR,7,1.0,0,0
UBI-8693,IT,7,5.532714093171463,0,0
UBI-1583,Treasury,10,26.529043305742054,0,0
UBI-2167,IT,10,4.669932602020671,1,0
UBI-9632,Retail,11,4.334988218862964,0,0
UBI-8215,IT,10,9.496586655689999,0,0
UBI-3143,HR,7,3.8569870376216384,0,0
UBI-8114,HR,8,7.40254854451138,0,0
UBI-8214,IT,11,1.0,0,0
UBI-7949,IT,11,11.700096010295292,0,0
UBI-4687,Retail,9,50.0,0,0
UBI-9467,IT,7,1.0,0,0
UBI-9636,Treasury,10,50.0,0,0
UBI-1207,Retail,11,5.625663381179451,0,0
UBI-8863,Treasury,10,31.085096449758634,0,0
UBI-3734,Retail,7,9.396512251820578,0,0
UBI-5177,Audit,9,19.60755983269206,0,0
UBI-3385,HR,11,10.398225209996955,1,0
UBI-7484,Audit,7,40.86731721157973,0,0
UBI-6560,IT,7,5.587862594994893,1,0
UBI-6567,Retail,7,1.0209423477347246,0,0
UBI-3849,Retail,7,16.59660352170431,1,0
UBI-7738,HR,12,50.0,0,0
UBI-6435,IT,7,14.161077393197957,0,0
UBI-5494,Retail,7,30.933485193201392,0,0
UBI-1822,Treasury,8,33.417441052625065,0,0
UBI-6291,IT,9,10.88923399672086,0,0
UBI-9580,Treasury,7,3.171486792835526,0,0
UBI-7610,Audit,9,10.213809328500217,0,0
UBI-9702,IT,8,10.43213027344496,0,0
UBI-5358,IT,8,27.614849400977256,0,0
UBI-2990,Audit,10,16.275604257403835,0,0
UBI-7656,Retail,7,1.7995502124797784,0,0
UBI-9717,Treasury,12,30.39739490850892,0,0
UBI-2906,IT,13,2.6800203834860095,0,0
UBI-3731,Retail,8,6.1349239736352565,0,0
UBI-7233,IT,8,1.6289041863409564,0,0
UBI-1987,Retail,7,5.308558341347064,0,0
UBI-5585,IT,7,1.5998171455860066,0,0
UBI-1851,Audit,10,8.899606137438914,1,0
UBI-3539,Audit,9,7.252726214987521,0,0
UBI-7809,IT,10,8.048856502118223,0,0
UBI-9173,Audit,10,11.108551223285696,0,0
UBI-4476,Audit,8,20.81073405848878,0,0
UBI-4517,Retail,10,8.707304610559026,0,0
UBI-2843,HR,9,9.899593120350508,0,0
UBI-4627,Retail,10,25.482818082145535,0,0
UBI-6986,HR,7,30.990285213932275,0,0
UBI-8513,Treasury,10,6.307941924659745,0,0
UBI-4675,Treasury,8,4.433144140640361,0,0
UBI-6539,Retail,7,47.943600237953845,0,0
UBI-7236,Audit,14,21.656513075134672,0,0
UBI-1661,Treasury,7,5.3257836781197225,0,0
UBI-5070,HR,9,5.861075453132954,0,0
UBI-4327,IT,9,1.0,0,0
UBI-2066,Audit,9,7.294583756589014,0,0
UBI-9564,HR,8,5.801117089986491,0,0
UBI-3479,Retail,7,14.604944050543452,0,0
UBI-5804,Retail,8,4.1863531049512,0,0
UBI-7675,IT,8,12.716438792973555,0,0
UBI-9901,Retail,10,13.702535398385946,0,0
UBI-1645,Retail,8,4.662525946082109,0,0
UBI-2560,IT,7,5.5885084120392,1,0
UBI-3814,Retail,10,6.254288087750798,0,0
UBI-5107,Audit,8,1.0,0,0
UBI-4356,HR,9,24.50848110799488,0,0
UBI-8419,IT,7,9.560630079810998,0,0
UBI-9984,Treasury,10,1.2680095878292916,0,0
UBI-7439,Retail,11,38.10195532728429,0,0
UBI-5406,IT,7,50.0,0,0
UBI-6311,HR,9,7.691111083728458,0,0
UBI-5232,Retail,7,13.005558167735373,0,0
UBI-9428,HR,7,11.311707110517819,0,0
UBI-8330,IT,7,1.0,0,0
UBI-1580,Retail,9,25.658296127397044,0,0
UBI-2930,HR,8,8.143240678286164,0,0
UBI-5206,IT,7,33.39253803550604,0,0
UBI-9815,Treasury,10,25.198614897932817,0,0
UBI-9837,Audit,11,3.445350630277619,0,0
UBI-6475,Retail,7,6.667814891952347,0,0
UBI-3204,HR,10,11.144989183442707,0,0
UBI-8509,Retail,12,14.662271823117468,0,0
UBI-1072,IT,8,13.347862617950652,0,0
UBI-5432,Retail,9,16.39622375103751,1,0
UBI-1630,Retail,8,1.675719973257548,0,0
UBI-6442,HR,7,1.0,0,0
UBI-7869,Treasury,10,1.9673882126856321,0,0
UBI-8776,IT,7,14.112173680037001,0,0
UBI-1892,Audit,9,1.775604458907216,0,0
UBI-3852,IT,8,10.983405389259,0,0
UBI-1899,IT,8,9.984270097410246,0,0
UBI-4766,HR,11,17.5475840286766,0,0
UBI-9153,IT,3,948.9906776800689,3,1
UBI-8041,Audit,9,16.442827905027016,1,0
UBI-3494,Retail,8,4.387718505283419,0,0
UBI-8679,HR,9,1.0,0,0
UBI-6232,HR,12,16.305551141815027,0,0
UBI-9680,Retail,7,1.0,0,0
UBI-2636,HR,8,30.437253946723068,0,0
UBI-4568,Retail,7,19.88137532837237,0,0
UBI-7809,Treasury,8,50.0,0,0
UBI-5611,Treasury,10,1.0,1,0
UBI-6585,Treasury,7,1.1973962071614785,0,0
UBI-5780,Treasury,8,22.234189640530886,0,0
UBI-9785,HR,10,30.42850626199859,0,0
UBI-5211,IT,12,29.921523859541917,0,0
UBI-3343,IT,10,19.361010326554887,0,0
UBI-6063,Treasury,8,1.0,0,0
UBI-9884,HR,9,9.082936358412521,0,0
UBI-6207,Treasury,7,13.818846344583418,0,0
UBI-9356,IT,7,4.579139721899081,0,0
UBI-1959,Audit,10,4.504413867272694,0,0
UBI-5737,Audit,9,6.180983401316875,0,0
UBI-2274,Retail,7,10.120604152469351,0,0
UBI-9340,Treasury,9,12.837477236277488,0,0
UBI-7694,Retail,7,20.96624434775057,0,0
UBI-4556,Treasury,10,17.75584640360731,0,0
UBI-2605,IT,8,12.363824217214493,0,0
UBI-7938,IT,7,13.305569409008843,1,0
UBI-9905,IT,10,1.0,0,0
UBI-6383,Treasury,11,4.832651558118375,0,0
UBI-7349,Retail,2,563.152545588825,7,1
UBI-4598,Retail,8,1.0,0,0
UBI-4099,Retail,7,11.833928014203966,0,0
UBI-3428,IT,7,5.911251645895162,0,0
UBI-5225,IT,9,3.5247821928406884,0,0
UBI-2353,Audit,9,4.137574234952152,0,0
UBI-8266,Audit,9,28.925963607143263,0,0
UBI-6622,HR,11,28.36147920076352,0,0
UBI-1956,HR,9,3.3401950274906773,0,0
UBI-3433,Audit,9,3.150512215916852,0,0
UBI-6986,Audit,7,50.0,0,0
UBI-2015,IT,10,6.732025449167478,0,0
UBI-3744,Audit,9,13.189653781218645,0,0
UBI-6233,Retail,9,11.363719105481726,0,0
UBI-9164,Audit,9,2.928391460435261,0,0
UBI-7413,Retail,7,17.621350234890873,0,0
UBI-7396,Treasury,9,3.4007471253130723,0,0
UBI-5719,Audit,9,29.877703352232253,0,0
UBI-9435,Treasury,7,1.0,0,0
UBI-1661,Audit,10,2.8374595466215204,0,0
UBI-9407,Audit,9,24.658743443664008,1,0
UBI-6631,HR,9,1.2042371251298927,0,0
UBI-6256,Treasury,10,1.492018510721779,0,0
UBI-2913,Retail,7,27.67583997889619,0,0
UBI-1281,Retail,13,34.92375713425804,0,0
UBI-6175,Treasury,11,5.88694796420707,0,0
UBI-9120,Retail,10,1.750405462268264,0,0
UBI-9566,HR,3,679.7411433929668,5,1
UBI-8830,HR,7,1.0,0,0
UBI-7783,HR,11,7.079588575789823,1,0
UBI-9800,Treasury,7,18.514638389400822,1,0
UBI-2679,IT,7,19.876735988293674,0,0
UBI-9533,IT,7,35.963749399996075,0,0
UBI-8570,Retail,9,17.328029446251605,0,0
UBI-4427,Audit,9,1.8032169206314168,0,0
UBI-3137,IT,11,20.370343465347997,0,0
UBI-2540,Audit,9,3.360525032710945,0,0
UBI-9041,Audit,9,3.8661739682400533,0,0
UBI-5946,Retail,9,37.3476022974761,1,0
UBI-1619,IT,7,5.208267625989708,0,0
UBI-5670,Treasury,7,14.593280890147284,0,0
UBI-6750,Retail,8,10.502985134321985,0,0
UBI-5555,HR,11,1.077399594670899,0,0
UBI-9666,Audit,7,50.0,0,0
UBI-6445,IT,7,5.196899426098418,0,0
UBI-6917,IT,8,5.317868110174145,0,0
UBI-7737,Audit,8,23.295830434409808,0,0
UBI-3327,Audit,8,26.7323031309255,0,0
UBI-7490,Retail,8,26.196351088925812,0,0
UBI-4810,Audit,7,7.4215262197206835,1,0
UBI-4506,IT,7,15.45285543076873,0,0
UBI-2828,Treasury,9,19.647234198272567,0,0
UBI-7154,Audit,9,12.175988646576585,0,0
UBI-1352,HR,7,37.47145458733245,0,0
UBI-4051,Retail,12,1.0,1,0
UBI-6401,Treasury,7,8.347556798669595,0,0
UBI-2136,Audit,9,1.4659646960507409,0,0
UBI-9212,HR,11,4.4494415480000935,0,0
UBI-7668,IT,11,32.71118701910804,0,0
UBI-5431,Retail,9,9.809430958428775,0,0
UBI-8667,Audit,9,18.36188096138681,0,0
UBI-7122,IT,7,28.807421196614392,0,0
UBI-7635,HR,11,34.92502412102357,0,0
UBI-1391,HR,9,44.14709718645597,0,0
UBI-3430,Audit,8,50.0,0,0
UBI-1853,Audit,12,50.0,0,0
UBI-9896,Retail,9,14.879236104173687,1,0
UBI-1395,HR,10,19.69623559136809,0,0
UBI-7019,Audit,7,2.272671054775132,0,0
UBI-1703,HR,8,38.84939783706103,0,0
UBI-2409,Treasury,7,5.473979683849541,0,0
UBI-2300,HR,12,2.0576724009204073,0,0
UBI-4629,HR,7,2.5078870081063998,0,0
UBI-6136,Treasury,10,1.8186866519580622,0,0
UBI-9987,Treasury,10,7.160847155444513,0,0
UBI-2248,IT,7,14.908612026391932,0,0
UBI-1917,Audit,7,1.0,0,0
UBI-8617,IT,7,8.534451392135715,0,0
